"","country","countrynumber","year","legelec","preselec","regime","regime_leg","eighties","nineties","old","avemag","districts","eneg","enep","enep_others","enep1","enpp","enpp_others","enpp1","enpres","medmag","newdem","proximity1","proximity2","seats","upperseats","uppertier","twoelections","twoelections1"
"NA",NA,NA,NA,NA,NA,NA,NA,NA,NA,NA,NA,NA,NA,NA,NA,NA,NA,NA,NA,NA,NA,NA,NA,NA,NA,NA,NA,NA,NA
"6","Antigua",144,1984,1,0,0,0,1,0,1,1,17,NA,1.92,7.2,1.94,1.12,5.9,1.13,0,1,1,0,0,17,0,0,0,0
"7","Antigua",144,1989,1,0,0,0,0,0,1,1,17,NA,1.98,0.9,1.98,1.27,0,1.27,0,1,0,0,0,17,0,0,0,0
"8","Antigua",144,1994,1,0,0,0,0,1,1,1,17,NA,2.07,0,2.07,1.97,0,1.97,0,1,1,0,0,17,0,0,0,0
"9","Antigua",144,1999,1,0,0,0,0,0,1,1,17,NA,2.09,1.4,2.095,1.8,0,1.8,0,1,0,0,0,17,0,0,0,0
"10","Argentina",66,1946,1,1,0,0,0,0,1,10.53,15,1.3421,5.19,13.8,5.75,3.69,6.3,3.74,2.09,NA,1,1,1,158,0,0,0,0
"NA.1",NA,NA,NA,NA,NA,NA,NA,NA,NA,NA,NA,NA,NA,NA,NA,NA,NA,NA,NA,NA,NA,NA,NA,NA,NA,NA,NA,NA,NA
"12","Argentina",66,1951,1,1,0,0,0,0,1,10.53,15,1.3421,1.97,0,1.97,1.21,0,1.21,1.96,NA,0,1,1,158,0,0,0,0
"13","Argentina",66,1954,1,0,0,0,0,0,1,4.56,17,1.3421,1.93,0,1.93,1.26,0,1.26,1.96,NA,0,0.2,0,155,0,0,0,0
"14","Argentina",66,1958,1,1,0,0,0,0,1,8.13,23,1.3421,2.83,8.3,2.885,1.72,0,1.72,2.65,NA,1,1,1,187,0,0,0,0
"15","Argentina",66,1960,1,0,0,0,0,0,1,4.17,23,1.3421,4.93,14.5,5.485,2.12,1,2.12,2.65,NA,0,0.2,0,192,0,0,0,0
"17","Argentina",66,1963,1,1,0,0,0,0,1,8.35,23,1.3421,5.57,11.1,5.98,4.87,8.9,5.06,3.9,NA,1,1,1,192,0,0,0,0
"18","Argentina",66,1965,1,0,0,0,0,0,1,4.17,23,1.3421,4.87,10.6,5.155,4.62,1.6,4.62,3.9,NA,0,0.33,0,192,0,0,0,0
"19","Argentina",66,1973,1,1,0,0,0,0,1,10.13,24,1.3421,3.19,0.2,3.19,2.9,6.2,2.94,2.66,18,1,1,1,243,0,0,0,0
"20","Argentina",66,1983,1,1,0,0,0,0,1,10.58,24,1.3421,2.63,0,2.63,2.19,0,2.19,2.3,18,1,1,1,254,0,0,0,0
"21","Argentina",66,1985,1,0,0,0,1,0,1,5.29,24,1.3421,4.24,1.9,4.24,3.36,0,3.36,2.3,9,0,0.33,0,254,0,0,0,0
"22","Argentina",66,1987,1,0,0,0,0,0,1,5.52,23,1.3421,3.14,0.75,3.14,2.63,0,2.63,2.3,5,0,0.33,0,252,0,0,0,0
"23","Argentina",66,1989,1,1,0,0,0,0,1,5.29,24,1.3421,3.35,0.66,3.35,2.71,0,2.71,2.91,9,0,1,1,254,0,0,0,0
"24","Argentina",66,1991,1,0,0,0,0,0,1,5.29,24,1.3421,3.57,1.07,3.57,2.91,4.8,2.93,2.91,5,0,0.33,0,254,0,0,0,0
"25","Argentina",66,1993,1,0,0,0,0,0,1,5.29,24,1.3421,3.37,0.53,3.37,2.7,0,2.7,2.91,9,0,0.33,0,257,0,0,0,0
"26","Argentina",66,1995,1,1,0,0,0,1,1,5.42,24,1.3421,3.58,1.65,3.58,2.81,0.8,2.81,2.75,5,0,1,1,257,0,0,0,0
"27","Argentina",66,1997,1,0,0,0,0,0,1,5.29,24,1.3421,3.65,5.83,3.65,3.33,0,3.33,2.75,9,0,0,0,257,0,0,0,0
"28","Argentina",66,1999,1,1,0,0,0,0,1,5.42,24,1.3421,3.15,8.61,3.225,2.57,0,2.57,2.56,5,0,1,1,257,0,0,0,0
"31","Australia",129,1946,1,0,0,0,0,0,1,1,75,1.1744,2.74,2.3,2.74,2.4,1.4,2.4,0,1,0,0,0,75,0,0,0,0
"32","Australia",129,1949,1,0,0,0,0,0,1,1,123,1.1744,2.64,2.2,2.64,2.62,0,2.62,0,1,0,0,0,123,0,0,0,0
"33","Australia",129,1951,1,0,0,0,0,0,1,1,123,1.1744,2.49,1,2.49,2.56,0,2.56,0,1,0,0,0,123,0,0,0,0
"34","Australia",129,1954,1,0,0,0,0,0,1,1,123,1.1744,2.46,1.7,2.46,2.55,0,2.55,0,1,0,0,0,123,0,0,0,0
"35","Australia",129,1955,1,0,0,0,0,0,1,1,124,1.1744,2.73,1.4,2.735,2.58,0,2.58,0,1,0,0,0,124,0,0,0,0
"36","Australia",129,1958,1,0,0,0,0,0,1,1,124,1.1744,2.97,0.7,2.97,2.59,0,2.59,0,1,0,0,0,124,0,0,0,0
"37","Australia",129,1961,1,0,0,0,0,0,1,1,124,1.1744,2.81,0.9,2.81,2.52,0,2.52,0,1,0,0,0,124,0,0,0,0
"38","Australia",129,1963,1,0,0,0,0,0,1,1,124,1.1744,2.79,0.5,2.79,2.66,0,2.66,0,1,0,0,0,124,0,0,0,0
"39","Australia",129,1966,1,0,0,0,0,0,1,1,124,1.1744,2.98,1.5,2.98,2.63,0.8,2.63,0,1,0,0,0,124,0,0,0,0
"40","Australia",129,1969,1,0,0,0,0,0,1,1,125,1.1744,2.83,2.7,2.83,2.61,0,2.61,0,1,0,0,0,125,0,0,0,0
"41","Australia",129,1972,1,0,0,0,0,0,1,1,125,1.1744,2.77,1.1,2.77,2.47,0,2.47,0,1,0,0,0,125,0,0,0,0
"42","Australia",129,1974,1,0,0,0,0,0,1,1,125,1.1744,2.66,0.4,2.66,2.52,0,2.52,0,1,0,0,0,125,0,0,0,0
"43","Australia",129,1975,1,0,0,0,0,0,1,1,127,1.1744,2.69,1.4,2.7,2.51,0,2.51,0,1,0,0,0,127,0,0,0,0
"44","Australia",129,1977,1,0,0,0,0,0,1,1,124,1.1744,3.11,1.1,3.115,2.45,0,2.45,0,1,0,0,0,124,0,0,0,0
"45","Australia",129,1980,1,0,0,0,0,0,1,1,125,1.1744,2.81,1.3,2.81,2.64,0,2.64,0,1,0,0,0,125,0,0,0,0
"46","Australia",129,1983,1,0,0,0,0,0,1,1,125,1.1744,2.67,1.4,2.67,2.23,0,2.23,0,1,0,0,0,125,0,0,0,0
"47","Australia",129,1984,1,0,0,0,1,0,1,1,148,1.1744,2.79,1.1,2.79,2.38,0,2.38,0,1,0,0,0,148,0,0,0,0
"48","Australia",129,1987,1,0,0,0,0,0,1,1,148,1.1744,2.9,2,3.02,2.28,0,2.28,0,1,0,0,0,148,0,0,0,0
"49","Australia",129,1990,1,0,0,0,0,0,1,1,148,1.1744,3.33,5.9,3.34,2.35,0.7,2.35,0,1,0,0,0,148,0,0,0,0
"50","Australia",129,1993,1,0,0,0,0,0,1,1,147,1.1744,2.87,7.1,2.88,2.38,1.4,2.39,0,1,0,0,0,147,0,0,0,0
"51","Australia",129,1996,1,0,0,0,0,1,1,1,148,1.1744,3.19,4.06,3.21,2.62,3.4,2.62,0,1,0,0,0,148,0,0,0,0
"52","Australia",129,1998,1,0,0,0,0,0,1,1,148,1.1744,3.46,1.91,3.46,2.48,0.7,2.48,0,1,0,0,0,148,0,0,0,0
"53","Austria",101,1949,1,0,0,0,0,0,1,6.6,25,1.14368,2.78,0.5,2.78,2.54,0,2.54,0,NA,0,0,0,165,21,12.73,0,0
"54","Austria",101,1953,1,0,0,0,0,0,1,6.6,25,1.14368,2.76,0.4,2.76,2.48,0,2.48,2.93,NA,0,0.33,0,165,24,14.55,0,0
"55","Austria",101,1956,1,0,0,0,0,0,1,6.6,25,1.14368,2.48,0.1,2.48,2.23,0,2.23,2.93,NA,0,0.67,0,165,18,10.91,0,0
"56","Austria",101,1959,1,0,0,0,0,0,1,6.6,25,1.14368,2.48,0.1,2.48,2.2,0,2.2,2,NA,0,0.33,0,165,20,12.12,0,0
"57","Austria",101,1962,1,0,0,0,0,0,1,6.6,25,1.14368,2.47,0.5,2.47,2.19,0,2.19,2,NA,0,0.67,0,165,17,10.3,0,0
"58","Austria",101,1966,1,0,0,0,0,0,1,6.6,25,1.14368,2.39,0,2.39,2.14,0,2.14,2,NA,0,0.67,0,165,14,8.48,0,0
"59","Austria",101,1970,1,0,0,0,0,0,1,6.6,25,1.14368,2.29,0,2.29,2.12,0,2.12,2,23,0,0.67,0,165,14,8.48,0,0
"60","Austria",101,1971,1,1,0,0,0,0,1,20.33,9,1.14368,2.28,0,2.28,2.21,0,2.21,1.99,27,0,1,1,183,16,8.74,0,0
"61","Austria",101,1975,1,0,0,0,0,0,1,20.33,9,1.14368,2.27,0,2.27,2.21,0,2.21,2,29,0,0.67,0,183,12,6.56,0,0
"62","Austria",101,1979,1,0,0,0,0,0,1,20.33,9,1.14368,2.28,0,2.28,2.22,0,2.22,2,29,0,0.67,0,183,14,7.65,0,0
"63","Austria",101,1983,1,0,0,0,0,0,1,20.33,9,1.14368,2.4,0.2,2.4,2.26,0,2.26,1.5,28,0,0,0,183,19,10.38,0,0
"64","Austria",101,1986,1,1,0,0,1,0,1,20.33,9,1.14368,2.72,0.3,2.72,2.63,0,2.63,2.27,29,0,1,1,183,21,11.48,0,0
"65","Austria",101,1990,1,0,0,0,0,0,1,20.33,9,1.14368,3.17,0.5,3.17,2.99,0,2.99,2.27,28,0,0.33,0,183,25,13.66,0,0
"66","Austria",101,1994,1,0,0,0,0,0,1,4.26,43,1.14368,3.87,0,3.87,3.73,0,3.73,2.99,3,0,0.33,0,183,92,50.27,0,0
"67","Austria",101,1995,1,0,0,0,0,1,1,4.26,43,1.14368,3.59,0,3.59,3.49,0,3.49,2.99,5,0,0,0,183,86,46.99,0,0
"68","Austria",101,1999,1,0,0,0,0,0,1,4.26,43,1.14368,3.82,0,3.82,3.41,0,3.41,2.26,5,0,0.66,0,183,84,45.9,0,0
"69","Bahamas, The",49,1977,1,0,0,0,0,0,1,1,38,NA,2.52,2.7,2.52,1.53,0,1.53,0,1,1,0,0,38,0,0,0,0
"70","Bahamas, The",49,1982,1,0,0,0,0,0,1,1,43,NA,2.03,1.7,2.03,1.62,0,1.62,0,1,0,0,0,43,0,0,0,0
"71","Bahamas, The",49,1987,1,0,0,0,1,0,1,1,49,NA,2.11,3.1,2.11,1.96,4.1,1.97,0,1,0,0,0,49,0,0,0,0
"72","Bahamas, The",49,1992,1,0,0,0,0,0,1,1,49,NA,1.99,0,1.99,1.79,0,1.79,0,1,0,0,0,49,0,0,0,0
"NA.2",NA,NA,NA,NA,NA,NA,NA,NA,NA,NA,NA,NA,NA,NA,NA,NA,NA,NA,NA,NA,NA,NA,NA,NA,NA,NA,NA,NA,NA
"NA.3",NA,NA,NA,NA,NA,NA,NA,NA,NA,NA,NA,NA,NA,NA,NA,NA,NA,NA,NA,NA,NA,NA,NA,NA,NA,NA,NA,NA,NA
"77","Barbados",50,1966,1,0,0,0,0,0,1,2,12,NA,2.72,7.3,2.76,2.18,8.3,2.2,0,2,1,0,0,24,0,0,0,0
"78","Barbados",50,1971,1,0,0,0,0,0,1,1,24,NA,1.96,0.2,1.96,1.6,0,1.6,0,1,0,0,0,24,0,0,0,0
"79","Barbados",50,1976,1,0,0,0,0,0,1,1,24,NA,2.03,0.3,2.03,1.7,0,1.7,0,1,0,0,0,24,0,0,0,0
"80","Barbados",50,1981,1,0,0,0,0,0,1,1,27,NA,2.02,0.7,2.02,1.87,0,1.87,0,1,0,0,0,27,0,0,0,0
"81","Barbados",50,1986,1,0,0,0,1,0,1,1,27,NA,1.93,0.2,1.93,1.25,0,1.25,0,1,0,0,0,27,0,0,0,0
"82","Barbados",50,1991,1,0,0,0,0,0,1,1,28,NA,2.29,0.4,2.29,1.85,0,1.85,0,1,0,0,0,28,0,0,0,0
"83","Barbados",50,1994,1,0,0,0,0,1,1,1,28,NA,2.48,0.4,2.48,1.84,0,1.84,0,1,0,0,0,28,0,0,0,0
"84","Barbados",50,1999,1,0,0,0,0,0,1,1,28,NA,1.84,0,1.84,1.15,0,1.15,0,1,0,0,0,28,0,0,0,0
"85","Belgium",102,1946,1,0,0,0,0,0,1,6.73,30,2.30947,3.28,0.5,3.28,2.91,0,2.91,0,6,0,0,0,202,NA,NA,0,0
"86","Belgium",102,1949,1,0,0,0,0,0,1,7.1,30,2.30947,3.26,1.8,3.26,2.75,0,2.75,0,6,0,0,0,212,NA,NA,0,0
"87","Belgium",102,1950,1,0,0,0,0,0,1,7.1,30,2.30947,2.76,0,2.76,2.5,0,2.5,0,6,0,0,0,212,NA,NA,0,0
"88","Belgium",102,1954,1,0,0,0,0,0,1,7.1,30,2.30947,3.08,0.6,3.08,2.63,0,2.63,0,6,0,0,0,212,NA,NA,0,0
"89","Belgium",102,1958,1,0,0,0,0,0,1,7.1,30,2.30947,2.79,0.7,2.79,2.45,0,2.45,0,6,0,0,0,212,NA,NA,0,0
"90","Belgium",102,1961,1,0,0,0,0,0,1,7.1,30,2.30947,3.08,2.1,3.08,2.69,0.5,2.69,0,6,0,0,0,212,NA,NA,0,0
"91","Belgium",102,1965,1,0,0,0,0,0,1,7.1,30,2.30947,3.96,2,3.96,3.59,0,3.59,0,7,0,0,0,212,NA,NA,0,0
"92","Belgium",102,1968,1,0,0,0,0,0,1,7.1,30,2.30947,6.92,0.3,6.92,6.57,0,6.57,0,7,0,0,0,212,NA,NA,0,0
"93","Belgium",102,1971,1,0,0,0,0,0,1,7.1,30,2.30947,6.41,0.7,6.42,5.89,0,5.89,0,7,0,0,0,212,NA,NA,0,0
"94","Belgium",102,1974,1,0,0,0,0,0,1,7.1,30,2.30947,6.1,0.9,6.1,5.85,0,5.85,0,7,0,0,0,212,NA,NA,0,0
"95","Belgium",102,1977,1,0,0,0,0,0,1,7.1,30,2.30947,5.7,0.2,5.7,5.26,0,5.26,0,7,0,0,0,212,NA,NA,0,0
"96","Belgium",102,1978,1,0,0,0,0,0,1,7.1,30,2.30947,7.52,0.4,7.52,6.79,0,6.79,0,7,0,0,0,212,NA,NA,0,0
"97","Belgium",102,1981,1,0,0,0,0,0,1,7.1,30,2.30947,8.99,1,9,7.63,0,7.63,0,7,0,0,0,212,NA,NA,0,0
"98","Belgium",102,1985,1,0,0,0,1,0,1,7.1,30,2.30947,8.13,1.2,8.14,7.01,0,7.01,0,8,0,0,0,212,NA,NA,0,0
"99","Belgium",102,1987,1,0,0,0,0,0,1,7.1,30,2.30947,8.12,0.4,8.12,7.13,0,7.13,0,8,0,0,0,212,NA,NA,0,0
"100","Belgium",102,1991,1,0,0,0,0,0,1,7.1,30,2.30947,9.81,0.5,9.81,8.41,0,8.41,0,8,0,0,0,212,NA,NA,0,0
"101","Belgium",102,1995,1,0,0,0,0,1,1,7.5,20,2.30947,9.35,0.7,9.35,8.05,0,8.05,0,9,0,0,0,150,NA,NA,0,0
"102","Belgium",102,1999,1,0,0,0,0,0,1,7.5,20,2.30947,10.29,0,10.29,9.05,0,9.05,0,9,0,0,0,150,NA,NA,0,0
"103","Belize",51,1984,1,0,0,0,1,0,1,1,28,NA,2.06,0.4,2.06,1.6,0,1.6,0,1,1,0,0,28,0,0,0,0
"104","Belize",51,1989,1,0,0,0,0,0,1,1,28,NA,2.07,0.1,2.07,1.99,0,1.99,0,1,0,0,0,28,0,0,0,0
"105","Belize",51,1993,1,0,0,0,0,1,1,1,29,NA,2.03,0.1,2.03,1.98,0,1.98,0,1,0,0,0,29,0,0,0,0
"106","Belize",51,1998,1,0,0,0,0,0,1,1,29,NA,1.98,0.4,1.98,1.23,0,1.23,0,1,0,0,0,29,0,0,0,0
"116","Brazil",68,1947,1,0,0,0,0,0,1,13,22,2.21976,3.59,0,3.59,2.65,NA,NA,2.3,NA,0,0.2,0,286,0,0,0,0
"117","Brazil",68,1950,1,1,0,0,0,0,1,12.16,25,2.21976,7.11,0,7.11,4.11,0,4.11,2.68,NA,0,1,1,304,0,0,0,0
"118","Brazil",68,1954,1,0,0,0,0,0,1,13.04,25,2.21976,8.69,0,8.69,4.59,1.8,4.59,2.68,NA,0,0.6,0,326,0,0,0,0
"119","Brazil",68,1958,1,0,0,0,0,0,1,13.04,25,2.21976,9.82,0,9.82,3.64,23,4.49,2.97,NA,0,0.2,0,326,0,0,0,0
"120","Brazil",68,1962,1,0,0,0,0,0,1,15.56,25,2.21976,11.17,0,11.17,4.05,16.5,4.56,2.65,NA,0,0.2,0,389,0,0,0,0
"121","Brazil",68,1982,1,0,0,0,0,0,1,19.16,25,2.21976,2.65,0,2.65,2.39,0,2.39,0,32,1,0,0,479,0,0,0,0
"122","Brazil",68,1986,1,0,0,0,1,0,1,18.73,26,2.21976,3.55,1.52,3.555,2.83,0,2.83,0,30,0,0,0,487,0,0,0,0
"123","Brazil",68,1990,1,0,0,0,0,0,1,18.63,27,2.21976,9.79,0.76,9.79,8.69,0,8.69,5.69,30,0,0.6,0,503,0,0,0,0
"124","Brazil",68,1994,1,1,0,0,0,1,1,19,27,2.21976,8.53,0.15,8.53,8.16,0,8.16,2.65,30,0,1,1,513,0,0,0,0
"125","Brazil",68,1998,1,1,0,0,0,0,1,19,27,2.21976,8.14,1.14,8.14,7.11,0,7.11,2.53,30,0,1,1,513,0,0,0,0
"130","Canada",52,1949,1,0,0,0,0,0,1,1,262,2.47733,2.83,3.1,2.835,1.75,1.9,1.75,0,1,0,0,0,262,0,0,0,0
"131","Canada",52,1953,1,0,0,0,0,0,1,1,265,2.47733,2.85,2.5,2.855,2.15,1.9,2.16,0,1,0,0,0,265,0,0,0,0
"132","Canada",52,1957,1,0,0,0,0,0,1,1,265,2.47733,2.98,2.7,2.99,2.86,1.5,2.86,0,1,0,0,0,265,0,0,0,0
"133","Canada",52,1958,1,0,0,0,0,0,1,1,265,2.47733,2.44,0.6,2.44,1.54,0,1.54,0,1,0,0,0,265,0,0,0,0
"134","Canada",52,1962,1,0,0,0,0,0,1,1,265,2.47733,3.23,0.3,3.23,2.84,0,2.84,0,1,0,0,0,265,0,0,0,0
"135","Canada",52,1963,1,0,0,0,0,0,1,1,265,2.47733,3.2,0.3,3.2,2.65,0,2.65,0,1,0,0,0,265,0,0,0,0
"136","Canada",52,1965,1,0,0,0,0,0,1,1,265,2.47733,3.31,1.1,3.31,2.59,0.8,2.59,0,1,0,0,0,265,0,0,0,0
"137","Canada",52,1968,1,0,0,0,0,0,1,1,264,2.47733,2.97,0.8,2.97,2.33,0.4,2.33,0,1,0,0,0,264,0,0,0,0
"138","Canada",52,1972,1,0,0,0,0,0,1,1,264,2.47733,3.25,1.1,3.25,2.84,0.8,2.84,0,1,0,0,0,264,0,0,0,0
"139","Canada",52,1974,1,0,0,0,0,0,1,1,264,2.47733,2.96,0.8,2.96,2.38,0.4,2.38,0,1,0,0,0,264,0,0,0,0
"140","Canada",52,1979,1,0,0,0,0,0,1,1,282,2.47733,3.09,0.9,3.09,2.45,0,2.45,0,1,0,0,0,282,0,0,0,0
"141","Canada",52,1980,1,0,0,0,0,0,1,1,282,2.47733,2.93,0.7,2.93,2.4,0,2.4,0,1,0,0,0,282,0,0,0,0
"142","Canada",52,1984,1,0,0,0,1,0,1,1,282,2.47733,2.75,0.7,2.75,1.69,0.4,1.69,0,1,0,0,0,282,0,0,0,0
"143","Canada",52,1988,1,0,0,0,0,0,1,1,295,2.47733,3.04,1.4,3.04,2.33,0,2.33,0,1,0,0,0,295,0,0,0,0
"144","Canada",52,1993,1,0,0,0,0,1,1,1,295,2.47733,3.92,3.6,3.93,2.35,0,2.35,0,1,0,0,0,295,0,0,0,0
"145","Canada",52,1997,1,0,0,0,0,1,1,1,301,2.47733,4.08,1.6,4.085,2.98,0.3,2.98,0,1,0,0,0,301,0,0,0,0
"146","Canada",52,2000,1,0,0,0,0,0,1,1,301,2.47733,3.77,1.5,3.77,2.54,0,2.54,0,1,0,0,0,301,0,0,0,0
"NA.4",NA,NA,NA,NA,NA,NA,NA,NA,NA,NA,NA,NA,NA,NA,NA,NA,NA,NA,NA,NA,NA,NA,NA,NA,NA,NA,NA,NA,NA
"151","Chile",69,1949,1,0,0,0,0,0,1,5.25,28,1.98807,7.05,0,7.05,6.04,2,6.05,1.97,NA,0,0,0,147,0,0,0,0
"152","Chile",69,1953,1,0,0,0,0,0,1,5.25,28,1.98807,11.56,4.9,11.88,9.02,0.7,9.02,2.95,NA,0,0.67,0,147,0,0,0,0
"153","Chile",69,1957,1,0,0,0,0,0,1,5.25,28,1.98807,8.59,2,8.62,6.74,1.4,6.75,2.95,NA,0,0.67,0,147,0,0,0,0
"154","Chile",69,1961,1,0,0,0,0,0,1,5.25,28,1.98807,6.44,0.2,6.44,5.9,0,5.9,3.97,6,0,0,0,147,0,0,0,0
"155","Chile",69,1965,1,0,0,0,0,0,1,5.25,28,1.98807,4.06,0.2,4.06,2.8,0,2.8,2.14,NA,0,0.67,0,147,0,0,0,0
"156","Chile",69,1969,1,0,0,0,0,0,1,5.36,28,1.98807,4.92,0.1,4.92,4.09,0,4.09,2.14,NA,0,0.67,0,150,0,0,0,0
"157","Chile",69,1973,1,0,1,0,0,0,1,5.24,29,1.98807,5.3,0,5.3,5.12,5.1,5.18,2.96,NA,0,0.67,0,152,0,0,0,0
"160","Colombia",70,1947,1,0,0,0,0,0,1,NA,NA,2.90698,2.01,0,2.01,1.97,0,1.97,2.9,NA,0,0.33,0,131,0,0,0,0
"161","Colombia",70,1949,1,1,1,0,0,0,1,NA,NA,2.90698,2.01,0,2.01,2,0,2,NA,NA,0,1,1,132,0,0,0,0
"169","Colombia",70,1974,1,1,0,0,0,0,1,7.65,26,2.90698,2.37,0,2.37,2.29,0,2.29,2.35,NA,0,1,1,199,0,0,0,0
"170","Colombia",70,1978,1,1,0,0,0,0,1,7.65,26,2.90698,2.17,1.19,2.17,2.06,0,2.06,2.16,NA,0,1,1,199,0,0,0,0
"171","Colombia",70,1982,1,1,0,0,0,0,1,7.65,26,2.90698,2.08,0.94,2.08,1.98,0,1.98,2.5,NA,0,1,1,199,0,0,0,0
"172","Colombia",70,1986,1,1,0,0,1,0,1,7.65,26,2.90698,2.66,6.44,2.685,2.45,5.5,2.47,2.1,8,0,1,1,199,0,0,0,0
"173","Colombia",70,1990,1,1,0,0,0,0,1,7.65,26,2.90698,2.2,7.05,2.23,2.17,7,2.2,3.04,9,0,1,1,199,0,0,0,0
"174","Colombia",70,1991,1,0,0,0,0,0,1,4.88,33,2.90698,3.3,4.78,3.33,2.99,2.5,3,3.04,6,0,0.5,0,161,0,0,0,0
"175","Colombia",70,1994,1,1,0,0,0,1,1,4.88,33,2.90698,2.64,6.64,2.67,2.75,7.4,2.79,2.41,6,0,1,1,161,0,0,0,0
"NA.5",NA,NA,NA,NA,NA,NA,NA,NA,NA,NA,NA,NA,NA,NA,NA,NA,NA,NA,NA,NA,NA,NA,NA,NA,NA,NA,NA,NA,NA
"NA.6",NA,NA,NA,NA,NA,NA,NA,NA,NA,NA,NA,NA,NA,NA,NA,NA,NA,NA,NA,NA,NA,NA,NA,NA,NA,NA,NA,NA,NA
"NA.7",NA,NA,NA,NA,NA,NA,NA,NA,NA,NA,NA,NA,NA,NA,NA,NA,NA,NA,NA,NA,NA,NA,NA,NA,NA,NA,NA,NA,NA
"NA.8",NA,NA,NA,NA,NA,NA,NA,NA,NA,NA,NA,NA,NA,NA,NA,NA,NA,NA,NA,NA,NA,NA,NA,NA,NA,NA,NA,NA,NA
"183","Costa Rica",53,1953,1,1,0,0,0,0,1,6.43,7,1.31165,2.11,0,2.11,1.97,0,1.97,1.84,NA,1,1,1,45,0,0,0,0
"184","Costa Rica",53,1958,1,1,0,0,0,0,1,6.43,7,1.31165,3.57,1.4,3.57,3.22,0,3.22,2.44,NA,0,1,1,45,0,0,0,0
"185","Costa Rica",53,1962,1,1,0,0,0,0,1,8.14,7,1.31165,2.71,1,2.71,2.61,0,2.61,2.52,NA,0,1,1,57,0,0,0,0
"186","Costa Rica",53,1966,1,1,0,0,0,0,1,8.14,7,1.31165,2.33,0,2.33,2.14,0,2.14,1.9998,NA,0,1,1,57,0,0,0,0
"187","Costa Rica",53,1970,1,1,0,0,0,0,1,8.14,7,1.31165,2.56,0.5,2.56,2.15,0,2.15,2.13,NA,0,1,1,57,0,0,0,0
"188","Costa Rica",53,1974,1,1,0,0,0,0,1,8.14,7,1.31165,4.01,1.2,4.01,3.13,0,3.13,3.3,NA,0,1,1,57,0,0,0,0
"189","Costa Rica",53,1978,1,1,0,0,0,0,1,8.14,7,1.31165,2.88,3,2.88,2.38,0,2.38,2.23,NA,0,1,1,57,0,0,0,0
"190","Costa Rica",53,1982,1,1,0,0,0,0,1,8.14,7,1.31165,2.53,0.98,2.53,2.27,0,2.27,2.17,NA,0,1,1,57,0,0,0,0
"191","Costa Rica",53,1986,1,1,0,0,1,0,1,8.14,7,1.31165,2.48,1.8,2.485,2.21,0,2.21,2.07,10,0,1,1,57,0,0,0,0
"192","Costa Rica",53,1990,1,1,0,0,0,0,1,8.14,7,1.31165,2.55,3.12,2.56,2.21,0,2.21,2.05,10,0,1,1,57,0,0,0,0
"193","Costa Rica",53,1994,1,1,0,0,0,1,1,8.14,7,1.31165,2.77,3.71,2.78,2.29,0,2.29,2.11,10,0,1,1,57,0,0,0,0
"194","Costa Rica",53,1998,1,1,0,0,0,0,1,8.14,7,1.31165,3.35,4.23,3.37,2.56,0,2.56,2.38,10,0,1,1,57,0,0,0,0
"NA.9",NA,NA,NA,NA,NA,NA,NA,NA,NA,NA,NA,NA,NA,NA,NA,NA,NA,NA,NA,NA,NA,NA,NA,NA,NA,NA,NA,NA,NA
"NA.10",NA,NA,NA,NA,NA,NA,NA,NA,NA,NA,NA,NA,NA,NA,NA,NA,NA,NA,NA,NA,NA,NA,NA,NA,NA,NA,NA,NA,NA
"NA.11",NA,NA,NA,NA,NA,NA,NA,NA,NA,NA,NA,NA,NA,NA,NA,NA,NA,NA,NA,NA,NA,NA,NA,NA,NA,NA,NA,NA,NA
"NA.12",NA,NA,NA,NA,NA,NA,NA,NA,NA,NA,NA,NA,NA,NA,NA,NA,NA,NA,NA,NA,NA,NA,NA,NA,NA,NA,NA,NA,NA
"202","Cyprus",187,1970,1,0,0,0,0,0,1,5.83,6,1.56055,3.5,5.1,3.515,3.37,5.7,3.39,1.08,NA,0,0.73,0,35,0,0,0,0
"203","Cyprus",187,1976,1,0,0,0,0,0,1,5.83,6,1.56055,1.83,6.4,1.84,1.06,0,1.06,1.08,NA,0,0.07,0,35,0,0,0,0
"204","Cyprus",187,1981,1,0,0,0,1,0,1,5.83,6,1.56055,3.85,7.6,3.895,3.39,0,3.45,1.08,NA,0,0.73,0,35,0,0,0,0
"209","Denmark",105,1947,1,0,0,0,0,0,1,5.09,23,1.14619,3.8,0.2,3.8,3.56,0,3.56,0,6,0,0,0,148,31,20.9,0,0
"210","Denmark",105,1950,1,0,0,0,0,0,1,4.57,23,1.14619,4.01,0,4.01,3.98,0,3.98,0,5,0,0,0,149,44,29.5,0,0
"211","Denmark",105,1953,1,0,0,0,0,0,1,4.57,23,1.14619,3.92,0,3.92,3.85,0,3.85,0,5,0,0,0,149,44,29.5,1,1
"212","Denmark",105,1953,1,0,0,0,0,0,1,5.87,23,1.14619,3.82,0,3.82,3.63,0,3.63,0,6,0,0,0,175,40,22.9,1,0
"213","Denmark",105,1957,1,0,0,0,0,0,1,5.87,23,1.14619,3.9,0,3.9,3.77,0,3.77,0,6,0,0,0,175,40,22.9,0,0
"214","Denmark",105,1960,1,0,0,0,0,0,1,5.87,23,1.14619,3.81,0,3.81,3.6,0,3.6,0,6,0,0,0,175,40,22.9,0,0
"215","Denmark",105,1964,1,0,0,0,0,0,1,5.87,23,1.14619,3.75,0.4,3.75,3.51,0,3.51,0,6,0,0,0,175,40,22.9,0,0
"216","Denmark",105,1966,1,0,0,0,0,0,1,5.87,23,1.14619,4.22,0,4.22,3.97,0,3.97,0,6,0,0,0,175,40,22.9,0,0
"217","Denmark",105,1968,1,0,0,0,0,0,1,5.87,23,1.14619,4.56,0,4.56,4.24,0,4.24,0,6,0,0,0,175,40,22.9,0,0
"218","Denmark",105,1971,1,0,0,0,0,0,1,7.94,17,1.14619,4.52,0,4.52,3.94,0,3.94,0,8,0,0,0,175,40,22.9,0,0
"219","Denmark",105,1973,1,0,0,0,0,0,1,7.94,17,1.14619,7.11,0,7.11,6.89,0,6.89,0,8,0,0,0,175,40,22.9,0,0
"220","Denmark",105,1975,1,0,0,0,0,0,1,7.94,17,1.14619,5.6,0,5.6,5.42,0,5.42,0,8,0,0,0,175,40,22.9,0,0
"221","Denmark",105,1977,1,0,0,0,0,0,1,7.94,17,1.14619,5.23,0.9,5.23,5.2,0,5.2,0,8,0,0,0,175,40,22.9,0,0
"222","Denmark",105,1979,1,0,0,0,0,0,1,7.94,17,1.14619,4.99,0.4,4.99,4.82,0,4.82,0,8,0,0,0,175,40,22.9,0,0
"223","Denmark",105,1981,1,0,0,0,0,0,1,7.94,17,1.14619,5.76,0.2,5.76,5.47,0,5.47,0,8,0,0,0,175,40,22.9,0,0
"224","Denmark",105,1984,1,0,0,0,1,0,1,7.94,17,1.14619,5.25,0.1,5.25,5.04,0,5.04,0,8,0,0,0,175,40,22.9,0,0
"225","Denmark",105,1987,1,0,0,0,0,0,1,7.94,17,1.14619,5.83,0.4,5.83,5.31,0,5.31,0,8,0,0,0,175,40,22.9,0,0
"226","Denmark",105,1988,1,0,0,0,0,0,1,7.94,17,1.14619,5.83,0.1,5.83,5.32,0,5.32,0,8,0,0,0,175,40,22.9,0,0
"227","Denmark",105,1990,1,0,0,0,0,0,1,7.94,17,1.14619,4.84,0.3,4.84,4.37,0,4.37,0,8,0,0,0,175,40,22.9,0,0
"228","Denmark",105,1994,1,0,0,0,0,1,1,7.94,17,1.14619,4.76,1,4.76,4.54,0.6,4.54,0,8,0,0,0,175,40,22.9,0,0
"229","Denmark",105,1998,1,0,0,0,0,0,1,7.94,17,1.14619,4.74,0.1,4.74,4.71,0,4.71,0,8,0,0,0,175,40,22.9,0,0
"230","Dominica",157,1980,1,0,0,0,0,0,1,1,21,1.63079,2.95,3.8,2.96,1.48,9.5,1.49,0,1,1,0,0,21,0,0,0,0
"231","Dominica",157,1985,1,0,0,0,1,0,1,1,21,1.63079,2.1,2.3,2.11,1.76,0,1.76,0,1,0,0,0,21,0,0,0,0
"232","Dominica",157,1990,1,0,0,0,0,0,1,1,21,1.63079,2.69,0,2.69,2.55,0,2.55,0,1,0,0,0,21,0,0,0,0
"233","Dominica",157,1995,1,0,0,0,0,0,1,1,21,1.63079,2.99,0.2,2.99,2.58,0,2.58,0,1,0,0,0,21,0,0,0,0
"234","Dominica",157,2000,1,0,0,0,0,0,1,1,21,1.63079,2.55,0,2.55,2.38,0,2.38,0,1,0,0,0,21,0,0,0,0
"238","Dominican Republic",54,1978,1,1,0,0,0,0,1,3.37,27,NA,2.23,6.2,2.24,1.99,0,1.99,2.7,4,0,1,1,91,0,0,0,0
"239","Dominican Republic",54,1982,1,1,0,0,0,0,1,4.44,27,NA,2.76,0,2.76,2.25,0,2.25,2.71,5,0,1,1,120,0,0,0,0
"241","Dominican Republic",54,1990,1,1,0,0,0,0,1,4,30,NA,3.22,2.35,3.23,3.05,0,3.05,3.38,5,0,1,1,120,0,0,0,0
"242","Dominican Republic",54,1994,1,1,0,0,0,1,1,4,30,NA,2.71,0.75,2.71,2.43,0,2.43,2.71,5,0,1,1,120,0,0,0,0
"243","Dominican Republic",54,1998,1,0,0,0,0,0,1,5,30,NA,2.73,2.22,2.74,2.32,0,2.32,2.6,6,0,0,0,150,0,0,0,0
"NA.13",NA,NA,NA,NA,NA,NA,NA,NA,NA,NA,NA,NA,NA,NA,NA,NA,NA,NA,NA,NA,NA,NA,NA,NA,NA,NA,NA,NA,NA
"247","Ecuador",71,1958,1,0,0,0,0,0,1,NA,NA,2.89855,5.79,2.4,5.8,NA,NA,NA,3.88,NA,0,0,0,NA,0,0,0,0
"NA.14",NA,NA,NA,NA,NA,NA,NA,NA,NA,NA,NA,NA,NA,NA,NA,NA,NA,NA,NA,NA,NA,NA,NA,NA,NA,NA,NA,NA,NA
"249","Ecuador",71,1962,1,0,0,0,0,0,1,NA,NA,2.89855,5.61,3.1,5.64,NA,NA,NA,2.93,NA,0,0,0,NA,0,0,0,0
"250","Ecuador",71,1979,1,1,0,0,0,0,1,2.85,20,2.89855,6.4,0,6.4,3.95,0,3.95,4.76,NA,1,1,1,69,12,17.39,0,0
"251","Ecuador",71,1984,1,1,0,0,0,0,1,2.95,20,2.89855,10.32,0,10.32,5.98,0,5.98,5.17,3,0,1,1,71,12,16.9,0,0
"252","Ecuador",71,1986,1,0,0,0,1,0,1,2.95,20,2.89855,11.95,0,11.95,7.56,0,7.56,5.17,3,0,0,0,71,12,16.9,0,0
"253","Ecuador",71,1988,1,1,0,0,0,0,1,2.95,20,2.89855,8.14,0,8.14,4.2,0,4.2,6.57,3,0,1,1,71,12,16.9,0,0
"254","Ecuador",71,1990,1,0,0,0,0,0,1,2.86,21,2.89855,7.9,0,7.9,6.97,0,6.97,6.57,3,0,0,0,72,12,16.67,0,0
"255","Ecuador",71,1992,1,1,0,0,0,0,1,3.1,21,2.89855,7.79,0,7.79,6.61,0,6.61,4.5,3,0,1,1,77,12,16.67,0,0
"256","Ecuador",71,1994,1,0,0,0,0,0,1,3.1,21,2.89855,7.48,0.57,7.48,5.9,0,5.9,4.5,NA,0,0,0,77,12,16.67,0,0
"257","Ecuador",71,1996,1,1,0,0,0,1,1,3.33,21,2.89855,6.43,1.3,6.43,5.11,0,5.11,4.82,3,0,1,1,82,12,14.63,0,0
"258","Ecuador",71,1998,1,1,0,0,0,0,1,5,21,2.89855,6.18,0.4,6.18,5.45,8.3,5.66,4.1,5,0,1,1,125,20,16,0,0
"259","El Salvador",55,1985,1,0,0,0,1,0,1,4.29,14,1.24657,2.68,0.5,2.68,2.56,0,2.56,3.16,4,1,0.6,0,60,0,0,0,0
"260","El Salvador",55,1988,1,0,0,0,0,0,1,4.29,14,1.24657,2.75,0.7,2.75,2.41,0,2.41,3.16,4,0,0.6,0,60,0,0,0,0
"261","El Salvador",55,1991,1,0,0,0,0,0,1,4.57,14,1.24657,3.34,0,3.34,3.01,0,3.01,2.35,4.5,0,0.2,0,84,20,23.8,0,0
"262","El Salvador",55,1994,1,1,0,0,0,1,1,4.57,14,1.24657,3.48,0.7,3.48,3.06,0,3.06,3,4.5,0,1,1,84,20,23.8,0,0
"263","El Salvador",55,1997,1,0,0,0,0,0,1,4.57,14,1.24657,3.95,0,3.95,4.17,0,4.17,3,4.5,0,0.2,0,84,20,23.8,0,0
"264","El Salvador",55,2000,1,0,0,0,0,0,1,4.57,14,1.24657,3.68,0.41,3.68,3.47,0,3.47,2.74,4.5,0,0.6,0,84,20,23.8,0,0
"268","Finland",106,1948,1,0,0,0,0,0,1,13.3,15,1.15141,4.9,0.5,4.9,4.54,0,4.54,5.06,NA,0,0,0,200,0,0,0,0
"269","Finland",106,1951,1,0,0,0,0,0,1,13.3,15,1.15141,4.96,0.3,4.96,4.78,0,4.78,5.13,NA,0,0.67,0,200,0,0,0,0
"270","Finland",106,1954,1,0,0,0,0,0,1,13.3,15,1.15141,4.98,0.1,4.98,4.71,0,4.71,5.13,NA,0,0.33,0,200,0,0,0,0
"271","Finland",106,1958,1,0,0,0,0,0,1,13.3,15,1.15141,5.19,0.5,5.19,4.87,0,4.87,4.98,NA,0,0.33,0,200,0,0,0,0
"272","Finland",106,1962,1,1,0,0,0,0,1,13.3,15,1.15141,5.86,0.7,5.86,5.09,0,5.09,5.27,NA,0,1,1,200,0,0,0,0
"273","Finland",106,1966,1,0,0,0,0,0,1,13.3,15,1.15141,5.22,0,5.22,4.96,0,4.96,5.27,NA,0,0.33,0,200,0,0,0,0
"274","Finland",106,1970,1,0,0,0,0,0,1,13.3,15,1.15141,6.17,0.2,6.17,5.58,0,5.58,6.25,15,0,0.6,0,200,0,0,0,0
"275","Finland",106,1972,1,0,0,0,0,0,1,13.3,15,1.15141,5.95,0,5.95,5.51,0,5.51,6.25,15,0,0.2,0,200,0,0,0,0
"276","Finland",106,1975,1,0,0,0,0,0,1,13.3,15,1.15141,5.89,0.8,5.89,5.31,0,5.31,6.25,15,0,0.4,0,200,0,0,0,0
"277","Finland",106,1979,1,0,0,0,0,0,1,13.3,15,1.15141,5.74,0.2,5.74,5.21,0,5.21,6.25,15,0,0.5,0,200,0,0,0,0
"278","Finland",106,1983,1,0,0,0,1,0,1,13.3,15,1.15141,5.45,0.1,5.45,5.34,0,5.34,3.76,17,0,0.67,0,200,0,0,0,0
"279","Finland",106,1987,1,0,0,0,0,0,1,13.3,15,1.15141,6.15,0.6,6.15,4.93,0,4.93,3.76,17,0,0.67,0,200,0,0,0,0
"280","Finland",106,1991,1,0,0,0,0,0,1,13.3,15,1.15141,5.89,2.8,5.91,5.23,0,5.23,3.19,17,0,0,0,200,0,0,0,0
"281","Finland",106,1995,1,0,0,0,0,1,1,13.3,15,1.15141,5.77,0.8,5.78,4.88,0,4.88,5.46,17,0,0.67,0,200,0,0,0,0
"282","Finland",106,1999,1,0,0,0,0,0,1,13.3,15,1.15141,5.93,0,5.93,5.15,0,5.15,5.46,17,0,0.67,0,200,0,0,0,0
"283","France",107,1946,1,0,0,0,0,0,1,5.33,102,1.37377,4.65,0.3,4.65,4.32,0,4.32,0,NA,1,0,0,544,0,0,0,0
"284","France",107,1951,1,0,0,0,0,0,1,5.28,103,1.37377,5.4,0.6,5.4,5.92,0,5.92,0,NA,0,0,0,544,0,0,0,0
"285","France",107,1956,1,0,0,0,0,0,1,5.28,103,1.37377,6.08,0.5,6.08,5.73,0,5.73,0,NA,0,0,0,544,0,0,0,0
"286","France",107,1958,1,0,0,0,0,0,1,1,465,1.37377,6.08,0.5,6.08,3.44,0,3.44,0,1,0,0,0,465,0,0,0,0
"287","France",107,1962,1,0,0,0,0,0,1,1,465,1.37377,4.93,0.1,4.93,3.43,0,3.43,0,1,0,0,0,465,0,0,0,0
"288","France",107,1967,1,0,0,0,0,0,1,1,470,1.37377,4.55,0,4.55,3.77,0,3.77,3.06,1,0,0,0,470,0,0,0,0
"289","France",107,1968,1,0,0,0,0,0,1,1,470,1.37377,4.32,0.5,4.32,2.49,0,2.49,3.06,1,0,0.5,0,470,0,0,0,0
"290","France",107,1973,1,0,0,0,0,0,1,1,473,1.37377,5.68,0,5.68,4.53,0,4.53,3.3,1,0,0.6,0,473,0,0,0,0
"291","France",107,1978,1,0,0,0,0,0,1,1,474,1.37377,5.08,0.1,5.08,4.19,0,4.19,3.15,1,0,0.14,0,474,0,0,0,0
"292","France",107,1981,1,1,0,0,1,0,1,1,474,1.37377,4.14,0,4.14,2.68,0,2.68,4.86,1,0,1,1,474,0,0,0,0
"293","France",107,1986,1,0,0,0,0,0,1,5.79,96,1.37377,4.66,0,4.66,3.9,0,3.9,4.86,7,0,0.43,0,556,0,0,0,0
"294","France",107,1988,1,1,0,0,0,0,1,1,555,1.37377,4.38,0.1,4.38,3.07,0,3.07,4.77,1,0,1,1,555,0,0,0,0
"295","France",107,1993,1,0,0,0,0,1,1,1,577,1.37377,6.71,1.2,6.71,2.86,0,2.86,4.77,1,0,0.43,0,577,0,0,0,0
"296","France",107,1997,1,0,0,0,0,0,1,1,577,1.37377,6.54,1.9,6.55,3.54,0,3.54,5.95,1,0,0.43,0,577,0,0,0,0
"297","Germany",191,1990,1,0,0,0,0,0,1,1,328,1.10488,3.75,0.2,3.75,3.17,0,3.17,0,1,0,0,0,662,334,50,0,0
"298","Germany",191,1994,1,0,0,0,0,1,1,1,328,1.10488,3.74,0,3.74,3.45,0,3.45,0,1,0,0,0,672,344,50,0,0
"299","Germany",191,1998,1,0,0,0,0,0,1,1,328,1.10488,3.79,0,3.79,3.31,0,3.31,0,1,0,0,0,669,341,50,0,0
"300","Ghana",18,1979,1,1,0,0,0,0,1,1,140,6.49562,3.75,0.9,3.75,2.64,0,2.64,3.92,1,1,1,1,140,0,0,0,0
"301","Greece",110,1946,1,0,0,0,0,0,1,9.32,38,1.06232,2.73,2.3,2.73,2.63,4.8,2.65,0,NA,1,0,0,354,NA,NA,0,0
"302","Greece",110,1950,1,0,0,0,0,0,1,6.41,39,1.06232,7.93,3.4,7.99,5.72,0,5.72,0,NA,0,0,0,250,NA,NA,0,0
"303","Greece",110,1951,1,0,0,0,0,0,1,6.29,41,1.06232,4.15,0.4,4.15,3.23,0,3.23,0,NA,0,0,0,258,NA,NA,0,0
"304","Greece",110,1952,1,0,0,0,0,0,1,3.03,99,1.06232,2.7,5.3,2.715,1.45,0.7,1.45,0,NA,0,0,0,300,0,0,0,0
"305","Greece",110,1956,1,0,0,0,0,0,1,7.32,41,1.06232,2.18,1.4,2.185,2.1,3.3,2.1,0,NA,0,0,0,300,0,0,0,0
"306","Greece",110,1958,1,0,0,0,0,0,1,5.45,55,1.06232,3.52,0.2,3.52,2.44,0,2.44,0,NA,0,0,0,300,NA,NA,0,0
"307","Greece",110,1961,1,0,0,0,0,0,1,5.45,55,1.06232,2.54,0.9,2.54,2.3,0,2.3,0,NA,0,0,0,300,NA,NA,0,0
"308","Greece",110,1963,1,0,0,0,0,0,1,5.45,55,1.06232,2.83,0.5,2.83,2.42,0,2.42,0,NA,0,0,0,300,NA,NA,0,0
"309","Greece",110,1964,1,0,0,0,0,0,1,5.45,55,1.06232,2.4,0.2,2.4,2.26,0,2.26,0,NA,0,0,0,300,NA,NA,0,0
"310","Greece",110,1974,1,0,0,0,0,0,1,5.14,56,1.06232,2.75,1.1,2.75,1.73,0,1.73,0,6,1,0,0,300,124,41.3,0,0
"311","Greece",110,1977,1,0,0,0,0,0,1,5.14,56,1.06232,3.74,0.9,3.74,2.35,0,2.35,0,6,0,0,0,300,68,22.7,0,0
"312","Greece",110,1981,1,0,0,0,0,0,1,5.14,56,1.06232,2.68,0.5,2.68,2.1,0,2.1,0,6,0,0,0,300,68,22.7,0,0
"313","Greece",110,1985,1,0,0,0,1,0,1,5.14,56,1.06232,2.59,0.5,2.59,2.14,0,2.14,0,6,0,0,0,300,68,22.7,0,0
"314","Greece",110,1989,1,0,0,0,0,0,1,5.14,56,1.06232,2.73,0.8,2.73,2.4,0,2.4,0,6,0,0,0,300,68,22.7,1,1
"315","Greece",110,1989,1,0,0,0,0,0,1,5.14,56,1.06232,2.55,1.5,2.56,2.32,0,2.32,0,6,0,0,0,300,68,22.7,1,0
"316","Greece",110,1990,1,0,0,0,0,0,1,5.14,56,1.06232,2.63,0,2.63,2.37,0,2.37,0,6,0,0,0,300,68,22.7,0,0
"317","Greece",110,1993,1,0,0,0,0,0,1,5.14,56,1.06232,2.63,0.9,2.63,2.17,0,2.17,0,6,0,0,0,300,68,22.7,0,0
"318","Greece",110,1996,1,0,0,0,0,1,1,5.14,56,1.06232,3.06,2.3,3.065,2.36,0,2.36,0,6,0,0,0,300,68,22.7,0,0
"319","Greece",110,2000,1,0,0,0,0,0,1,5.14,56,1.06232,2.64,2.1,2.64,2.21,0,2.21,0,6,0,0,0,300,68,22.7,0,0
"320","Greek Cyprus",188,1985,1,0,0,0,1,0,1,9.33,6,NA,3.62,0.3,3.62,3.57,0,3.57,2.26,12,0,0.2,0,56,0,0,0,0
"321","Greek Cyprus",188,1991,1,0,0,0,0,0,1,9.33,6,NA,3.67,0.2,3.67,3.51,0,3.51,3.51,12,0,0.2,0,56,0,0,0,0
"322","Greek Cyprus",188,1996,1,0,0,0,0,1,1,9.33,6,NA,3.79,0.1,3.79,3.52,0,3.52,2.74,12,0,0.2,0,56,NA,NA,0,0
"323","Grenada",56,1976,1,0,0,0,0,0,1,1,15,NA,2.07,1.97,2.075,1.92,0,1.92,0,1,1,0,0,15,0,0,0,0
"324","Grenada",56,1984,1,0,0,0,1,0,1,1,15,NA,2.11,0.3,2.11,1.14,0,1.14,0,1,1,0,0,15,0,0,0,0
"325","Grenada",56,1990,1,0,0,0,0,0,1,1,15,NA,3.85,0,3.85,3.08,0,3.08,0,1,0,0,0,15,0,0,0,0
"326","Grenada",56,1995,1,0,0,0,0,1,1,1,15,NA,3.65,2.25,3.66,2.42,0,2.42,0,1,0,0,0,15,0,0,0,0
"327","Grenada",56,1999,1,0,0,0,0,0,1,1,15,NA,2.15,0.6,2.15,1,0,1,0,1,0,0,0,15,0,0,0,0
"NA.15",NA,NA,NA,NA,NA,NA,NA,NA,NA,NA,NA,NA,NA,NA,NA,NA,NA,NA,NA,NA,NA,NA,NA,NA,NA,NA,NA,NA,NA
"NA.16",NA,NA,NA,NA,NA,NA,NA,NA,NA,NA,NA,NA,NA,NA,NA,NA,NA,NA,NA,NA,NA,NA,NA,NA,NA,NA,NA,NA,NA
"330","Guatemala",57,1958,1,0,0,0,0,0,1,3,22,1.97161,3.23,0,3.23,NA,NA,NA,NA,NA,1,0,0,66,0,0,0,0
"331","Guatemala",57,1959,1,0,0,0,0,0,1,3,22,1.97161,5.29,0,5.29,4.44,NA,NA,NA,NA,0,0,0,66,0,0,0,0
"332","Guatemala",57,1961,1,0,0,0,0,0,1,3,22,1.97161,2.89,0,2.89,NA,NA,NA,NA,NA,0,0,0,66,0,0,0,0
"333","Guatemala",57,1966,1,1,0,0,0,0,1,2.5,22,1.97161,2.83,0,2.83,2.32,0,2.32,2.81,NA,1,1,1,55,0,0,0,0
"334","Guatemala",57,1970,1,1,0,0,0,0,1,2.5,22,1.97161,2.83,0,2.83,1.89,NA,NA,2.81,NA,0,1,1,55,0,0,0,0
"NA.17",NA,NA,NA,NA,NA,NA,NA,NA,NA,NA,NA,NA,NA,NA,NA,NA,NA,NA,NA,NA,NA,NA,NA,NA,NA,NA,NA,NA,NA
"NA.18",NA,NA,NA,NA,NA,NA,NA,NA,NA,NA,NA,NA,NA,NA,NA,NA,NA,NA,NA,NA,NA,NA,NA,NA,NA,NA,NA,NA,NA
"NA.19",NA,NA,NA,NA,NA,NA,NA,NA,NA,NA,NA,NA,NA,NA,NA,NA,NA,NA,NA,NA,NA,NA,NA,NA,NA,NA,NA,NA,NA
"339","Guatemala",57,1994,1,0,0,0,0,0,1,2.78,23,1.97161,5.67,1.49,5.7,3.47,0,3.47,5.27,NA,0,0.6,0,80,16,20,0,0
"340","Guatemala",57,1995,1,1,0,0,0,1,1,2.78,23,1.97161,5.9,6.23,6.035,2.73,0,2.73,4.75,4,0,1,1,80,16,20,0,0
"341","Guatemala",57,1999,1,1,0,0,0,0,1,3.96,23,1.97161,3.76,1.25,3.765,2.35,0,2.35,2.97,6,0,1,1,113,22,19.47,0,0
"NA.20",NA,NA,NA,NA,NA,NA,NA,NA,NA,NA,NA,NA,NA,NA,NA,NA,NA,NA,NA,NA,NA,NA,NA,NA,NA,NA,NA,NA,NA
"NA.21",NA,NA,NA,NA,NA,NA,NA,NA,NA,NA,NA,NA,NA,NA,NA,NA,NA,NA,NA,NA,NA,NA,NA,NA,NA,NA,NA,NA,NA
"351","Honduras",59,1997,1,1,0,0,0,0,1,7.11,18,1.22701,2.38,0,2.38,2.18,0,2.18,2.17,9,0,1,1,128,0,0,0,0
"355","Iceland",112,1946,1,1,0,0,0,0,1,1.46,28,NA,3.58,0.1,3.58,3.6,0,3.6,1,1,0,0,0,52,11,21.15,0,0
"356","Iceland",112,1949,1,0,0,0,0,0,1,1.46,28,NA,3.55,0,3.55,3.47,0,3.47,1,1,0,0,0,52,11,21.15,0,0
"357","Iceland",112,1953,1,0,0,0,0,0,1,1.46,28,NA,4.16,0,4.16,3.44,0,3.44,2.25,1,0,0.5,0,52,11,21.15,0,0
"358","Iceland",112,1956,1,1,0,0,0,0,1,1.46,28,NA,3.62,0,3.62,3.48,0,3.48,1,1,0,1,1,52,11,21.15,0,0
"359","Iceland",112,1959,1,0,0,0,0,0,1,1.46,28,NA,3.4,0,3.4,3.2,0,3.2,1,1,0,0.5,0,52,11,21.15,1,1
"360","Iceland",112,1959,1,0,0,0,0,0,1,6.13,8,NA,3.66,0,3.66,3.44,0,3.44,1,5,0,0.5,0,60,11,18.3,1,0
"361","Iceland",112,1963,1,0,0,0,0,0,1,6.13,8,NA,3.37,0.2,3.37,3.33,0,3.33,1,5,0,0.5,0,60,11,18.3,0,0
"362","Iceland",112,1967,1,0,0,0,0,0,1,6.13,8,NA,3.77,0,3.77,3.55,0,3.55,1,5,0,0.5,0,60,11,18.3,0,0
"363","Iceland",112,1971,1,0,0,0,0,0,1,6.13,8,NA,4.1,0,4.1,3.85,0,3.85,1.82,5,0,0.5,0,60,11,18.3,0,0
"364","Iceland",112,1974,1,0,0,0,0,0,1,6.13,8,NA,3.47,0.4,3.47,3.38,0,3.38,1,5,0,0,0,60,11,18.3,0,0
"365","Iceland",112,1978,1,0,0,0,0,0,1,6.13,8,NA,4.2,2.2,4.205,3.85,0,3.85,1,5,0,0,0,60,11,18.3,0,0
"366","Iceland",112,1979,1,0,0,0,0,0,1,6.13,8,NA,3.89,2.5,3.895,3.78,1.7,3.79,1,5,0,0.5,0,60,11,18.3,0,0
"367","Iceland",112,1983,1,0,0,0,1,0,1,6.13,8,NA,4.26,1.1,4.26,4.07,0,4.07,3.6,5,0,0.5,0,60,11,18.3,0,0
"368","Iceland",112,1987,1,0,0,0,0,0,1,6.25,8,NA,5.77,0,5.77,5.35,0,5.35,1,6,0,0.5,0,63,13,20.6,0,0
"369","Iceland",112,1991,1,0,0,0,0,0,1,6.25,8,NA,4.22,0,4.22,3.77,0,3.77,1.11,5,0,0.5,0,63,13,20.6,0,0
"370","Iceland",112,1995,1,0,0,0,0,1,1,6.25,8,NA,4.29,1.1,4.29,3.95,0,3.95,1,5,0,0.5,0,63,13,20.6,0,0
"371","Iceland",112,1999,1,0,0,0,0,0,1,6.25,8,NA,3.55,0.8,3.55,3.45,0,3.45,3.04,5,0,0.5,0,63,13,20.6,0,0
"374","India",80,1962,1,0,0,0,0,0,1,1,491,5.29069,4.15,11.7,4.4,1.85,4.7,1.86,0,1,0,0,0,491,0,0,0,0
"375","India",80,1967,1,0,0,0,0,0,1,1,515,5.29069,4.67,14.7,5.185,3.13,7.6,3.19,0,1,0,0,0,515,0,0,0,0
"376","India",80,1971,1,0,0,0,0,0,1,1,517,5.29069,4.38,11.1,4.625,2.12,4.1,2.12,0,1,0,0,0,517,0,0,0,0
"377","India",80,1977,1,0,0,0,0,0,1,1,540,5.29069,3.35,6.8,3.4,2.62,2.2,2.62,0,1,0,0,0,540,0,0,0,0
"378","India",80,1980,1,0,0,0,0,0,1,1,528,5.29069,4.13,8.1,4.245,2.16,2.5,2.16,0,1,0,0,0,528,0,0,0,0
"379","India",80,1984,1,0,0,0,1,0,1,1,541,5.29069,3.83,9.9,3.98,1.69,1.5,1.69,0,1,0,0,0,541,0,0,0,0
"380","India",80,1989,1,0,0,0,0,0,1,1,529,5.29069,4.74,5.3,4.8,4.11,0,4.11,0,1,0,0,0,529,0,0,0,0
"381","India",80,1991,1,0,0,0,0,0,1,1,534,5.29069,5.08,4,5.12,3.6,0,3.6,0,1,0,0,0,534,0,0,0,0
"383","India",80,1999,1,0,0,0,0,0,1,1,543,5.29069,6.7,2.7,6.74,5.86,0,5.86,0,1,0,0,0,543,0,0,0,0
"385","Ireland",113,1948,1,0,0,0,0,0,1,3.68,40,1.20627,3.99,8.3,4.09,3.54,8.2,3.61,2.64,4,0,0.14,0,147,0,0,0,0
"386","Ireland",113,1951,1,0,0,0,0,0,1,3.68,40,1.20627,3.27,9.6,3.355,3.16,9.5,3.25,2.64,4,0,0.71,0,147,0,0,0,0
"387","Ireland",113,1954,1,0,0,0,0,0,1,3.68,40,1.20627,3.21,5.7,3.24,3.03,3.4,3.04,1,4,0,0.43,0,147,0,0,0,0
"388","Ireland",113,1957,1,0,0,0,0,0,1,3.68,40,1.20627,3.12,6.4,3.155,2.72,5.4,2.74,1,4,0,0.43,0,147,0,0,0,0
"389","Ireland",113,1961,1,0,0,0,0,0,1,3.79,38,1.20627,3.2,5.7,3.235,2.8,4.2,2.82,1.97,4,0,0.43,0,144,0,0,0,0
"390","Ireland",113,1965,1,0,0,0,0,0,1,3.79,38,1.20627,2.72,2.1,2.72,2.63,1.4,2.63,1.97,4,0,0.71,0,144,0,0,0,0
"391","Ireland",113,1969,1,0,0,0,0,0,1,3.4,42,1.20627,2.82,3.2,2.82,2.45,0.7,2.45,2,3,0,0.14,0,144,0,0,0,0
"392","Ireland",113,1973,1,1,0,0,0,0,1,3.4,42,1.20627,2.8,3.9,2.81,2.58,1.4,2.58,2,3,0,1,1,144,0,0,0,0
"393","Ireland",113,1977,1,0,0,0,0,0,1,3.5,42,1.20627,2.73,5.6,2.855,2.37,2.7,2.38,1,3,0,0.71,0,148,0,0,0,0
"394","Ireland",113,1981,1,0,0,0,0,0,1,4,41,1.20627,2.85,3.7,2.86,2.61,2.4,2.61,1,4,0,0.43,0,166,0,0,0,0
"395","Ireland",113,1982,1,0,0,0,0,0,1,4,41,1.20627,2.68,3.1,2.69,2.55,2.4,2.56,1,4,0,0.71,0,166,0,0,1,1
"396","Ireland",113,1982,1,0,0,0,0,0,1,4,41,1.20627,2.71,2.3,2.72,2.55,1.8,2.55,1,4,0,0.71,0,166,0,0,1,0
"397","Ireland",113,1987,1,0,0,0,1,0,1,4,41,1.20627,3.46,4,3.47,2.89,1.8,2.9,1,4,0,0.14,0,166,0,0,0,0
"398","Ireland",113,1989,1,0,0,0,0,0,1,4,41,1.20627,3.36,3.3,3.375,2.97,2.4,2.98,1,4,0,0.71,0,166,0,0,0,0
"399","Ireland",113,1992,1,0,0,0,0,0,1,4,41,1.20627,3.89,5.8,3.94,3.49,3,3.5,2.67,4,0,0.43,0,166,0,0,0,0
"400","Ireland",113,1997,1,1,0,0,0,1,1,4,41,1.20627,3.95,7.2,4.025,2.99,3.6,3.01,3.16,4,0,1,1,166,0,0,0,0
"401","Israel",84,1949,1,0,0,0,0,0,1,120,1,2.10763,5.36,4.5,5.405,4.73,0,4.73,0,120,1,0,0,120,0,0,0,0
"402","Israel",84,1951,1,0,0,0,0,0,1,120,1,2.10763,5.13,0.6,5.13,4.83,0,4.83,0,120,0,0,0,120,0,0,0,0
"403","Israel",84,1955,1,0,0,0,0,0,1,120,1,2.10763,6.34,2.4,6.355,6,0,6,0,120,0,0,0,120,0,0,0,0
"404","Israel",84,1959,1,0,0,0,0,0,1,120,1,2.10763,5.17,3.4,5.205,4.92,0,4.92,0,120,0,0,0,120,0,0,0,0
"405","Israel",84,1961,1,0,0,0,0,0,1,120,1,2.10763,5.51,0.7,5.51,5.37,0,5.37,0,120,0,0,0,120,0,0,0,0
"406","Israel",84,1965,1,0,0,0,0,0,1,120,1,2.10763,4.92,1.9,4.93,5.37,0,5.37,0,120,0,0,0,120,0,0,0,0
"407","Israel",84,1969,1,0,0,0,0,0,1,120,1,2.10763,3.63,1.2,3.63,3.57,0,3.57,0,120,0,0,0,120,0,0,0,0
"408","Israel",84,1973,1,0,0,0,0,0,1,120,1,2.10763,3.81,5.1,3.845,3.35,0,3.35,0,120,0,0,0,120,0,0,0,0
"409","Israel",84,1977,1,0,0,0,0,0,1,120,1,2.10763,5.01,2.7,5.025,4.37,0,4.37,0,120,0,0,0,120,0,0,0,0
"410","Israel",84,1981,1,0,0,0,0,0,1,120,1,2.10763,3.56,5.2,3.585,3.13,0,3.13,0,120,0,0,0,120,0,0,0,0
"411","Israel",84,1984,1,0,0,0,1,0,1,120,1,2.10763,4.3,2.9,4.315,3.86,0,3.86,0,120,0,0,0,120,0,0,0,0
"412","Israel",84,1988,1,0,0,0,0,0,1,120,1,2.10763,5.01,2.4,5.025,4.38,0,4.38,0,120,0,0,0,120,0,0,0,0
"413","Israel",84,1992,1,0,0,0,0,0,1,120,1,2.10763,4.87,4.8,4.91,4.39,0,4.39,0,120,0,0,0,120,0,0,0,0
"414","Israel",84,1996,1,0,0,0,0,1,1,120,1,2.10763,5.85,0.3,5.85,5.62,0,5.62,0,120,0,0,0,120,0,0,0,0
"415","Israel",84,1999,1,0,0,0,0,0,1,120,1,2.10763,9.74,6.7,10.115,8.69,0,8.69,0,120,0,0,0,120,0,0,0,0
"416","Italy",114,1948,1,0,0,0,0,0,1,18.52,31,1.04123,2.94,1.1,2.94,2.88,0.2,2.88,0,NA,1,0,0,574,NA,NA,0,0
"417","Italy",114,1953,1,0,0,0,0,0,1,19.03,31,1.04123,4.17,2.2,4.18,3.54,0,3.54,0,NA,0,0,0,590,NA,NA,0,0
"418","Italy",114,1958,1,0,0,0,0,0,1,18.63,32,1.04123,3.87,0.3,3.87,3.46,0,3.46,0,NA,0,0,0,596,NA,NA,0,0
"419","Italy",114,1963,1,0,0,0,0,0,1,19.69,32,1.04123,4.15,0.9,4.15,3.74,0,3.74,0,NA,0,0,0,630,NA,NA,0,0
"420","Italy",114,1968,1,0,0,0,0,0,1,19.69,32,1.04123,3.95,0.9,3.95,3.53,0,3.53,0,NA,0,0,0,630,NA,NA,0,0
"421","Italy",114,1972,1,0,0,0,0,0,1,19.69,32,1.04123,4.07,0.5,4.07,3.55,0,3.55,0,24,0,0,0,630,66,10.5,0,0
"422","Italy",114,1976,1,0,0,0,0,0,1,19.69,32,1.04123,3.39,0.2,3.39,3.17,0.2,3.17,0,23,0,0,0,630,60,9.5,0,0
"423","Italy",114,1979,1,0,0,0,0,0,1,19.69,32,1.04123,3.91,1.6,3.91,3.47,0,3.47,0,23,0,0,0,630,76,12.1,0,0
"424","Italy",114,1983,1,0,0,0,1,0,1,19.69,32,1.04123,4.51,0.3,4.51,4.11,0,4.11,0,24,0,0,0,630,75,11.9,0,0
"425","Italy",114,1987,1,0,0,0,0,0,1,19.69,32,1.04123,4.61,0.7,4.61,4.08,0,4.08,0,22,0,0,0,630,91,14.4,0,0
"426","Italy",114,1992,1,0,0,0,0,0,1,19.69,32,1.04123,6.56,3.7,6.62,5.73,0,5.73,0,25,0,0,0,630,125,19.8,0,0
"427","Italy",114,1994,1,0,0,0,0,0,1,1,475,1.04123,7.57,0,7.57,7.59,0,7.59,0,1,0,0,0,630,155,24.6,0,0
"428","Italy",114,1996,1,0,0,0,0,1,1,1,475,1.04123,7.05,1.1,7.06,6.07,0,6.07,0,1,0,0,0,630,155,24.6,0,0
"429","Jamaica",60,1962,1,0,0,0,0,0,1,1,45,1.19962,2.06,0.5,2.06,1.95,0,1.95,0,1,1,0,0,45,0,0,0,0
"430","Jamaica",60,1967,1,0,0,0,0,0,1,1,53,1.19962,2.01,0.3,2.01,1.89,0,1.89,0,1,0,0,0,53,0,0,0,0
"431","Jamaica",60,1972,1,0,0,0,0,0,1,1,53,1.19962,1.97,0.2,1.97,1.73,0,1.73,0,1,0,0,0,53,0,0,0,0
"432","Jamaica",60,1976,1,0,0,0,0,0,1,1,60,1.19962,1.96,0,1.96,1.51,0,1.51,0,1,0,0,0,60,0,0,0,0
"433","Jamaica",60,1980,1,0,0,0,0,0,1,1,60,1.19962,1.94,0.1,1.94,1.34,0,1.34,0,1,0,0,0,60,0,0,0,0
"434","Jamaica",60,1983,1,0,0,0,0,0,1,1,60,1.19962,1.23,6,1.23,1,0,1,0,1,0,0,0,60,0,0,0,0
"435","Jamaica",60,1989,1,0,0,0,1,0,1,1,60,1.19962,1.97,0.1,1.97,1.6,0,1.6,0,1,0,0,0,60,0,0,0,0
"436","Jamaica",60,1993,1,0,0,0,0,1,1,1,60,1.19962,1.91,0,1.91,1.26,0,1.26,0,1,0,0,0,60,0,0,0,0
"437","Jamaica",60,1997,1,0,0,0,0,0,1,1,60,1.19962,2.14,0,2.14,1.38,0,1.38,0,1,0,0,0,60,0,0,0,0
"438","Japan",85,1947,1,0,0,0,0,0,1,3.98,117,1.01211,4.54,10.1,4.61,3.87,5.6,3.89,0,NA,1,0,0,466,0,0,0,0
"439","Japan",85,1949,1,0,0,0,0,0,1,3.98,117,1.01211,3.85,13.1,3.945,2.67,6.4,2.68,0,NA,0,0,0,466,0,0,0,0
"440","Japan",85,1952,1,0,0,0,0,0,1,3.98,117,1.01211,3.37,8.1,3.41,2.96,4.1,2.97,0,NA,0,0,0,466,0,0,0,0
"441","Japan",85,1953,1,0,0,0,0,0,1,3.98,117,1.01211,4.29,5.3,4.31,3.77,2.8,3.78,0,NA,0,0,0,466,0,0,0,0
"442","Japan",85,1955,1,0,0,0,0,0,1,3.96,118,1.01211,3.99,5.4,4.01,3.66,2.2,3.66,0,NA,0,0,0,467,0,0,0,0
"443","Japan",85,1958,1,0,0,0,0,0,1,3.96,118,1.01211,2.17,5.3,2.18,1.87,0.2,1.87,0,4,0,0,0,467,0,0,0,0
"444","Japan",85,1960,1,0,0,0,0,0,1,3.96,118,1.01211,2.37,2.8,2.37,1.97,0.6,1.97,0,4,0,0,0,467,0,0,0,0
"445","Japan",85,1963,1,0,0,0,0,0,1,3.96,118,1.01211,2.46,3.5,2.465,2.02,0.2,2.02,0,4,0,0,0,467,0,0,0,0
"446","Japan",85,1967,1,0,0,0,0,0,1,3.95,123,1.01211,3,5.2,3.01,2.37,1,2.37,0,4,0,0,0,486,0,0,0,0
"447","Japan",85,1969,1,0,0,0,0,0,1,3.95,123,1.01211,3.22,3.9,3.22,2.33,0.6,2.33,0,4,0,0,0,486,0,0,0,0
"448","Japan",85,1972,1,0,0,0,0,0,1,3.96,124,1.01211,3.25,3.2,3.255,2.48,0,2.48,0,4,0,0,0,491,0,0,0,0
"449","Japan",85,1976,1,0,0,0,0,0,1,3.93,130,1.01211,3.84,3.8,3.85,2.97,1,2.97,0,4,0,0,0,511,0,0,0,0
"450","Japan",85,1979,1,0,0,0,0,0,1,3.93,130,1.01211,3.62,3.1,3.63,3.09,1,3.09,0,4,0,0,0,511,0,0,0,0
"451","Japan",85,1980,1,0,0,0,0,0,1,3.93,130,1.01211,3.38,2.6,3.385,2.69,1.2,2.69,0,4,0,0,0,511,0,0,0,0
"452","Japan",85,1983,1,0,0,0,0,0,1,3.93,130,1.01211,3.48,2.8,3.49,3.04,0.6,3.04,0,4,0,0,0,511,0,0,0,0
"453","Japan",85,1986,1,0,0,0,1,0,1,3.94,130,1.01211,3.28,4.4,3.295,2.51,0.4,2.51,0,4,0,0,0,512,0,0,0,0
"454","Japan",85,1990,1,0,0,0,0,0,1,3.94,130,1.01211,3.29,6.2,3.335,2.52,0.4,2.52,0,4,0,0,0,512,0,0,0,0
"455","Japan",85,1993,1,0,0,0,0,0,1,3.96,129,1.01211,4.96,4.6,4.995,3.94,2.3,3.95,0,NA,0,0,0,511,0,0,0,0
"456","Japan",85,1996,1,0,0,0,0,1,1,1,300,1.01211,3.89,6.7,3.915,2.94,2,2.94,0,1,0,0,0,500,200,40,0,0
"457","Japan",85,2000,1,0,0,0,0,0,1,1,300,1.01211,3.76,8.2,3.8,3.16,4.3,3.17,0,1,0,0,0,480,180,37.5,0,0
"468","Korea, South (Rep.)",87,2000,1,0,0,0,0,0,1,1,227,1.00401,3.32,11.7,3.405,2.39,1.8,2.39,2.86,1,0,0.2,0,273,46,16.8,0,0
"NA.22",NA,NA,NA,NA,NA,NA,NA,NA,NA,NA,NA,NA,NA,NA,NA,NA,NA,NA,NA,NA,NA,NA,NA,NA,NA,NA,NA,NA,NA
"488","Luxembourg",115,1954,1,0,0,0,0,0,1,13,4,NA,3,0,3,2.68,0,2.68,0,NA,1,0,0,52,0,0,0,0
"489","Luxembourg",115,1959,1,0,0,0,0,0,1,13,4,NA,3.26,0.5,3.26,3.14,0,3.14,0,16,0,0,0,52,0,0,0,0
"490","Luxembourg",115,1964,1,0,0,0,0,0,1,14,4,NA,3.5,0,3.5,3.17,0,3.17,0,18,0,0,0,56,0,0,0,0
"491","Luxembourg",115,1968,1,0,0,0,0,0,1,14,4,NA,3.49,0,3.49,3.41,0,3.41,0,18,0,0,0,56,0,0,0,0
"492","Luxembourg",115,1974,1,0,0,0,0,0,1,14.8,4,NA,4.26,1,4.26,4.06,0,4.06,0,20,0,0,0,59,0,0,0,0
"493","Luxembourg",115,1979,1,0,0,0,0,0,1,14.8,4,NA,4.16,0.4,4.16,3.46,0,3.46,0,20,0,0,0,59,0,0,0,0
"494","Luxembourg",115,1984,1,0,0,0,1,0,1,16,4,NA,3.56,0.2,3.56,3.22,0,3.22,0,23,0,0,0,64,0,0,0,0
"495","Luxembourg",115,1989,1,0,0,0,0,0,1,15,4,NA,4.65,1.1,4.655,3.77,0,3.77,0,21,0,0,0,60,0,0,0,0
"496","Luxembourg",115,1994,1,0,0,0,0,1,1,15,4,NA,4.66,5.4,4.71,3.9,0,3.9,0,21,0,0,0,60,0,0,0,0
"497","Luxembourg",115,1999,1,0,0,0,0,0,1,15,4,NA,4.62,0.7,4.62,4.34,0,4.34,0,21,0,0,0,60,0,0,0,0
"NA.23",NA,NA,NA,NA,NA,NA,NA,NA,NA,NA,NA,NA,NA,NA,NA,NA,NA,NA,NA,NA,NA,NA,NA,NA,NA,NA,NA,NA,NA
"NA.24",NA,NA,NA,NA,NA,NA,NA,NA,NA,NA,NA,NA,NA,NA,NA,NA,NA,NA,NA,NA,NA,NA,NA,NA,NA,NA,NA,NA,NA
"506","Malta",116,1966,1,0,0,0,0,0,1,5,10,NA,2.39,0.3,2.39,1.97,0,1.97,0,5,1,0,0,50,0,0,0,0
"507","Malta",116,1971,1,0,0,0,0,0,1,5.5,10,NA,2.04,0.1,2.04,2,0,2,0,6,0,0,0,55,0,0,0,0
"508","Malta",116,1976,1,0,0,0,0,0,1,5,13,NA,2,0,2,2,0,2,0,5,0,0,0,65,0,0,0,0
"509","Malta",116,1981,1,0,0,0,0,0,1,5,13,NA,2,0,2,2,0,2,0,5,0,0,0,65,0,0,0,0
"511","Malta",116,1992,1,0,0,0,0,0,1,5,13,NA,2.06,0,2.06,2,0,2,0,5,0,0,0,65,0,0,0,0
"513","Malta",116,1998,1,0,0,0,0,0,1,5,13,NA,2.04,0,2.04,1.99,0,1.99,0,5,0,0,0,65,0,0,0,0
"NA.25",NA,NA,NA,NA,NA,NA,NA,NA,NA,NA,NA,NA,NA,NA,NA,NA,NA,NA,NA,NA,NA,NA,NA,NA,NA,NA,NA,NA,NA
"535","Myanmar",91,1956,1,0,0,0,0,0,1,1,250,2.0899,3.05,7.2,3.09,2.39,NA,NA,0,NA,0,0,0,250,0,0,0,0
"NA.26",NA,NA,NA,NA,NA,NA,NA,NA,NA,NA,NA,NA,NA,NA,NA,NA,NA,NA,NA,NA,NA,NA,NA,NA,NA,NA,NA,NA,NA
"554","Netherlands",117,1946,1,0,0,0,0,0,1,100,1,1.08319,4.68,1,4.68,4.47,0,4.47,0,100,0,0,0,100,0,0,0,0
"555","Netherlands",117,1948,1,0,0,0,0,0,1,100,1,1.08319,4.98,1.6,4.985,4.68,0,4.68,0,100,0,0,0,100,0,0,0,0
"556","Netherlands",117,1952,1,0,0,0,0,0,1,100,1,1.08319,4.99,1.4,5,4.65,0,4.65,0,100,0,0,0,100,0,0,0,0
"557","Netherlands",117,1956,1,0,0,0,0,0,1,150,1,1.08319,4.26,0.8,4.26,4.07,0,4.07,0,150,0,0,0,150,0,0,0,0
"558","Netherlands",117,1959,1,0,0,0,0,0,1,150,1,1.08319,4.46,0.6,4.46,4.14,0,4.14,0,150,0,0,0,150,0,0,0,0
"559","Netherlands",117,1963,1,0,0,0,0,0,1,150,1,1.08319,4.79,1.6,4.8,4.5,0,4.5,0,150,0,0,0,150,0,0,0,0
"560","Netherlands",117,1967,1,0,0,0,0,0,1,150,1,1.08319,6.2,2.6,6.21,5.71,0,5.71,0,150,0,0,0,150,0,0,0,0
"561","Netherlands",117,1971,1,0,0,0,0,0,1,150,1,1.08319,7.09,2.1,7.11,6.4,0,6.4,0,150,0,0,0,150,0,0,0,0
"562","Netherlands",117,1972,1,0,0,0,0,0,1,150,1,1.08319,6.85,0.6,6.85,6.41,0,6.41,0,150,0,0,0,150,0,0,0,0
"563","Netherlands",117,1977,1,0,0,0,0,0,1,150,1,1.08319,3.96,0.9,3.96,3.7,0,3.7,0,150,0,0,0,150,0,0,0,0
"564","Netherlands",117,1981,1,0,0,0,0,0,1,150,1,1.08319,4.56,0.7,4.56,4.3,0,4.3,0,150,0,0,0,150,0,0,0,0
"565","Netherlands",117,1982,1,0,0,0,0,0,1,150,1,1.08319,4.23,1.4,4.24,4.02,0,4.02,0,150,0,0,0,150,0,0,0,0
"566","Netherlands",117,1986,1,0,0,0,1,0,1,150,1,1.08319,3.77,1.1,3.77,3.49,0,3.49,0,150,0,0,0,150,0,0,0,0
"567","Netherlands",117,1989,1,0,0,0,0,0,1,150,1,1.08319,3.9,0.9,3.9,3.75,0,3.75,0,150,0,0,0,150,0,0,0,0
"568","Netherlands",117,1994,1,0,0,0,0,1,1,150,1,1.08319,5.7,1.8,5.71,5.41,0,5.41,0,150,0,0,0,150,0,0,0,0
"569","Netherlands",117,1998,1,0,0,0,0,0,1,150,1,1.08319,5.13,2,5.14,4.81,0,4.81,0,150,0,0,0,150,0,0,0,0
"570","New Zealand",131,1946,1,0,0,0,0,0,1,1,80,1.57101,2.01,0.2,2.01,2,0,2,0,1,0,0,0,80,0,0,0,0
"571","New Zealand",131,1949,1,0,0,0,0,0,1,1,80,1.57101,2.03,0.6,2.03,1.96,0,1.96,0,1,0,0,0,80,0,0,0,0
"572","New Zealand",131,1951,1,0,0,0,0,0,1,1,80,1.57101,1.99,0.1,1.99,1.88,0,1.88,0,1,0,0,0,80,0,0,0,0
"573","New Zealand",131,1954,1,0,0,0,0,0,1,1,80,1.57101,2.48,0.4,2.48,1.97,0,1.97,0,1,0,0,0,80,0,0,0,0
"574","New Zealand",131,1957,1,0,0,0,0,0,1,1,80,1.57101,2.3,0.2,2.3,1.99,0,1.99,0,1,0,0,0,80,0,0,0,0
"575","New Zealand",131,1960,1,0,0,0,0,0,1,1,80,1.57101,2.37,0.2,2.37,1.96,0,1.96,0,1,0,0,0,80,0,0,0,0
"576","New Zealand",131,1963,1,0,0,0,0,0,1,1,80,1.57101,2.39,1,2.39,1.97,0,1.97,0,1,0,0,0,80,0,0,0,0
"577","New Zealand",131,1966,1,0,0,0,0,0,1,1,80,1.57101,2.61,0.3,2.61,2.02,0,2.02,0,1,0,0,0,80,0,0,0,0
"578","New Zealand",131,1969,1,0,0,0,0,0,1,1,84,1.57101,2.45,1.5,2.45,1.99,0,1.99,0,1,0,0,0,84,0,0,0,0
"579","New Zealand",131,1972,1,0,0,0,0,0,1,1,87,1.57101,2.43,1.5,2.43,1.87,0,1.87,0,1,0,0,0,87,0,0,0,0
"580","New Zealand",131,1975,1,0,0,0,0,0,1,1,87,1.57101,2.55,0.2,2.55,1.87,0,1.87,0,1,0,0,0,87,0,0,0,0
"581","New Zealand",131,1978,1,0,0,0,0,0,1,1,92,1.57101,2.87,1.3,2.87,2.02,0,2.02,0,1,0,0,0,92,0,0,0,0
"582","New Zealand",131,1981,1,0,0,0,0,0,1,1,92,1.57101,2.89,1.4,2.89,2.08,0,2.08,0,1,0,0,0,92,0,0,0,0
"583","New Zealand",131,1984,1,0,0,0,1,0,1,1,95,1.57101,2.99,0.7,2.99,1.98,0,1.98,0,1,0,0,0,95,0,0,0,0
"584","New Zealand",131,1987,1,0,0,0,0,0,1,1,97,1.57101,2.34,1.4,2.34,1.94,0,1.94,0,1,0,0,0,97,0,0,0,0
"585","New Zealand",131,1990,1,0,0,0,0,0,1,1,97,1.57101,2.78,2.2,2.78,1.76,0,1.76,0,1,0,0,0,97,0,0,0,0
"586","New Zealand",131,1993,1,0,0,0,0,0,1,1,99,1.57101,3.52,1.7,3.525,2.16,0,2.16,0,1,0,0,0,99,0,0,0,0
"587","New Zealand",131,1996,1,0,0,0,0,1,1,1,65,1.57101,4.39,1.6,4.39,3.76,0,3.76,0,1,0,0,0,120,55,45.8,0,0
"588","New Zealand",131,1999,1,0,0,0,0,0,1,1,65,1.57101,3.86,1.4,3.86,3.45,0,3.45,0,1,0,0,0,120,55,45.8,0,0
"NA.27",NA,NA,NA,NA,NA,NA,NA,NA,NA,NA,NA,NA,NA,NA,NA,NA,NA,NA,NA,NA,NA,NA,NA,NA,NA,NA,NA,NA,NA
"593","Nigeria",33,1964,1,0,0,0,0,0,1,1,469,5.12295,3.91,2.2,3.92,2.85,0,2.85,0,1,1,0,0,469,0,0,0,0
"NA.28",NA,NA,NA,NA,NA,NA,NA,NA,NA,NA,NA,NA,NA,NA,NA,NA,NA,NA,NA,NA,NA,NA,NA,NA,NA,NA,NA,NA,NA
"597","Norway",118,1949,1,0,0,0,0,0,1,5.17,29,1.10803,3.76,0,3.76,2.67,0,2.67,0,NA,0,0,0,150,0,0,0,0
"598","Norway",118,1953,1,0,0,0,0,0,1,7.5,20,1.10803,3.53,0,3.53,3.09,0,3.09,0,NA,0,0,0,150,0,0,0,0
"599","Norway",118,1957,1,0,0,0,0,0,1,7.5,20,1.10803,3.44,0.2,3.44,2.99,0,2.99,0,NA,0,0,0,150,0,0,0,0
"600","Norway",118,1961,1,0,0,0,0,0,1,7.5,20,1.10803,3.59,0.2,3.59,3.22,0,3.22,0,8,0,0,0,150,0,0,0,0
"601","Norway",118,1965,1,0,0,0,0,0,1,7.5,20,1.10803,3.9,0,3.9,3.51,0,3.51,0,8,0,0,0,150,0,0,0,0
"602","Norway",118,1969,1,0,0,0,0,0,1,7.5,20,1.10803,3.61,0.2,3.61,3.18,0,3.18,0,8,0,0,0,150,0,0,0,0
"603","Norway",118,1973,1,0,0,0,0,0,1,8.16,19,1.10803,4.63,0.9,4.63,4.14,0,4.14,0,10,0,0,0,155,0,0,0,0
"604","Norway",118,1977,1,0,0,0,0,0,1,8.16,19,1.10803,3.85,0.9,3.85,2.97,0,2.97,0,10,0,0,0,155,0,0,0,0
"605","Norway",118,1981,1,0,0,0,0,0,1,8.16,19,1.10803,3.92,0.9,3.92,3.2,0,3.2,0,10,0,0,0,155,0,0,0,0
"606","Norway",118,1985,1,0,0,0,1,0,1,8.26,19,1.10803,3.63,0.9,3.63,3.09,0,3.09,0,10,0,0,0,157,0,0,0,0
"607","Norway",118,1989,1,0,0,0,0,0,1,8.26,19,1.10803,4.84,0.7,4.84,4.23,0,4.23,0,10,0,0,0,165,8,4.8,0,0
"608","Norway",118,1993,1,0,0,0,0,1,1,8.26,19,1.10803,4.74,1.4,4.74,4.04,0,4.04,0,10,0,0,0,165,8,4.8,0,0
"609","Norway",118,1997,1,0,0,0,0,0,1,8.26,19,1.10803,5.07,0,5.07,4.36,0,4.36,0,10,0,0,0,165,8,4.8,0,0
"610","Pakistan",93,1977,1,0,1,0,0,0,1,1,200,2.13721,2.04,4.2,2.045,1.58,4,1.58,0,1,1,0,0,200,0,0,0,0
"612","Pakistan",93,1990,1,0,0,0,0,0,1,1,207,2.13721,3.44,11.8,3.565,3.07,10.6,3.18,0,1,0,0,0,207,0,0,0,0
"613","Pakistan",93,1993,1,0,0,0,0,1,1,1,207,2.13721,3.2,9.5,3.26,3.15,7.7,3.21,0,1,0,0,0,207,0,0,0,0
"NA.29",NA,NA,NA,NA,NA,NA,NA,NA,NA,NA,NA,NA,NA,NA,NA,NA,NA,NA,NA,NA,NA,NA,NA,NA,NA,NA,NA,NA,NA
"NA.30",NA,NA,NA,NA,NA,NA,NA,NA,NA,NA,NA,NA,NA,NA,NA,NA,NA,NA,NA,NA,NA,NA,NA,NA,NA,NA,NA,NA,NA
"619","Panama",63,1960,1,1,0,0,0,0,1,5.3,10,2.02716,4.71,0,4.71,5.11,0,5.11,2.85,NA,0,1,1,53,0,0,0,0
"NA.31",NA,NA,NA,NA,NA,NA,NA,NA,NA,NA,NA,NA,NA,NA,NA,NA,NA,NA,NA,NA,NA,NA,NA,NA,NA,NA,NA,NA,NA
"NA.32",NA,NA,NA,NA,NA,NA,NA,NA,NA,NA,NA,NA,NA,NA,NA,NA,NA,NA,NA,NA,NA,NA,NA,NA,NA,NA,NA,NA,NA
"NA.33",NA,NA,NA,NA,NA,NA,NA,NA,NA,NA,NA,NA,NA,NA,NA,NA,NA,NA,NA,NA,NA,NA,NA,NA,NA,NA,NA,NA,NA
"623","Panama",63,1994,1,1,0,0,0,1,1,1.78,40,2.02716,8.64,0,8.64,4.33,0,4.33,5.56,NA,0,1,1,71,0,0,0,0
"624","Panama",63,1999,1,1,0,0,0,0,1,1.78,40,2.02716,5.68,0,5.68,3.26,0,3.26,4.74,2,0,1,1,71,0,0,0,0
"NA.34",NA,NA,NA,NA,NA,NA,NA,NA,NA,NA,NA,NA,NA,NA,NA,NA,NA,NA,NA,NA,NA,NA,NA,NA,NA,NA,NA,NA,NA
"631","Peru",74,1962,1,1,1,0,0,0,1,7.58,24,2.76167,3.39,0,3.39,NA,NA,NA,3.4,NA,0,1,1,182,0,0,0,0
"632","Peru",74,1963,1,1,0,0,0,0,1,5.79,24,2.76167,2.98,0,2.98,3.54,2.2,3.54,2.98,7,1,1,1,139,0,0,0,0
"633","Peru",74,1980,1,1,0,0,0,0,1,7.5,24,2.76167,4.16,3.44,4.18,2.46,0,2.46,3.45,10,1,1,1,180,0,0,0,0
"634","Peru",74,1985,1,1,0,0,1,0,1,6.92,25,2.76167,3.02,1.22,3.02,2.31,0,2.31,2.76,9,0,1,1,180,0,0,0,0
"635","Peru",74,1990,1,1,1,0,0,1,1,6.92,26,2.76167,5.02,2.48,5.035,4.04,0,4.04,3.99,NA,0,1,1,180,0,0,0,0
"636","Philippines",94,1946,1,1,0,0,0,0,1,1,98,1.19155,3.32,4.1,3.335,2.91,5.1,2.93,2,1,0,1,1,98,0,0,0,0
"637","Philippines",94,1949,1,0,0,0,0,0,1,1,100,1.19155,2.44,1.8,2.445,2.12,1,2.12,2.43,1,0,0.6,0,100,0,0,0,0
"638","Philippines",94,1953,1,1,0,0,0,0,1,1,102,1.19155,2.56,4.5,2.565,2.28,1,2.28,1.75,1,0,1,1,102,0,0,0,0
"639","Philippines",94,1957,1,1,0,0,0,0,1,1,102,1.19155,2.14,3.6,2.14,1.47,0,1.47,3.36,1,0,1,1,102,0,0,0,0
"640","Philippines",94,1961,1,1,0,0,0,0,1,1,104,1.19155,2.05,5.2,2.055,1.71,1,1.71,1.98,1,0,1,1,104,0,0,0,0
"641","Philippines",94,1965,1,1,1,0,0,0,1,1,104,1.19155,2.26,6.4,2.28,2.04,4.9,2.05,2.19,1,0,1,1,104,0,0,0,0
"NA.35",NA,NA,NA,NA,NA,NA,NA,NA,NA,NA,NA,NA,NA,NA,NA,NA,NA,NA,NA,NA,NA,NA,NA,NA,NA,NA,NA,NA,NA
"643","Philippines",94,1992,1,1,0,0,0,0,1,1,200,1.19155,4.52,14.3,4.91,3.75,2.5,3.75,5.84,1,0,1,1,200,0,0,0,0
"644","Philippines",94,1995,1,0,0,0,0,1,1,1,204,1.19155,4.69,8.6,4.805,3.54,10.3,3.62,5.84,1,0,0,0,204,0,0,0,0
"645","Philippines",94,1998,1,1,0,0,0,0,1,1,208,1.19155,3.1,5.4,3.12,3.02,8.6,3.08,4.35,1,0,1,1,260,52,20,0,0
"649","Portugal",120,1976,1,1,0,0,0,0,1,12.95,20,1.04123,4,1.7,4,3.43,0,3.43,2.31,15,1,1,1,259,0,0,0,0
"650","Portugal",120,1979,1,0,0,0,0,0,1,12.3,20,1.04123,3,1,3.01,2.54,0,2.54,2.31,15,0,0.5,0,246,0,0,0,0
"651","Portugal",120,1980,1,1,0,0,0,0,1,12.3,20,1.04123,2.88,1.5,2.89,2.51,0,2.51,2.08,15,0,1,1,246,0,0,0,0
"652","Portugal",120,1983,1,0,0,0,1,0,1,12.3,20,1.04123,3.73,1.2,3.74,3.41,0,3.41,2.08,16,0,0,0,246,0,0,0,0
"653","Portugal",120,1985,1,0,0,0,0,0,1,12.3,20,1.04123,4.77,0.6,4.77,4.26,0,4.26,2.08,16,0,0.67,0,246,0,0,0,0
"654","Portugal",120,1987,1,0,0,0,0,0,1,12.3,20,1.04123,2.98,0.7,2.98,2.37,0,2.37,3.05,17,0,0.6,0,246,0,0,0,0
"655","Portugal",120,1991,1,1,0,0,0,0,1,11.3,20,1.04123,2.86,0,2.86,2.24,0,2.24,1.87,16,0,1,1,226,0,0,0,0
"656","Portugal",120,1995,1,0,0,0,0,1,1,11.3,20,1.04123,3.09,0,3.09,2.55,0,2.55,1.87,16,0,0.6,0,226,0,0,0,0
"657","Portugal",120,1999,1,0,0,0,0,0,1,11.3,20,1.04123,3.19,0,3.19,2.62,0,2.62,1.99,16,0,0.5,0,226,0,0,0,0
"NA.36",NA,NA,NA,NA,NA,NA,NA,NA,NA,NA,NA,NA,NA,NA,NA,NA,NA,NA,NA,NA,NA,NA,NA,NA,NA,NA,NA,NA,NA
"682","Somalia",38,1964,1,0,0,0,0,0,1,2.62,47,5.31067,3.02,6.2,3.05,2.72,3.3,2.72,0,NA,1,0,0,123,0,0,0,0
"NA.37",NA,NA,NA,NA,NA,NA,NA,NA,NA,NA,NA,NA,NA,NA,NA,NA,NA,NA,NA,NA,NA,NA,NA,NA,NA,NA,NA,NA,NA
"686","Spain",122,1977,1,0,0,0,0,0,1,6.73,52,2.00869,4.29,3.1,4.31,2.92,0.3,2.92,0,7,1,0,0,350,0,0,0,0
"687","Spain",122,1979,1,0,0,0,0,0,1,6.73,52,2.00869,4.25,4,4.28,2.81,0,2.81,0,7,0,0,0,349,0,0,0,0
"688","Spain",122,1982,1,0,0,0,0,0,1,6.73,52,2.00869,3.18,2.3,3.19,2.33,0,2.33,0,7,0,0,0,350,0,0,0,0
"689","Spain",122,1986,1,0,0,0,1,0,1,6.73,52,2.00869,3.59,3,3.6,3.02,0,3.02,0,7,0,0,0,350,0,0,0,0
"690","Spain",122,1989,1,0,0,0,0,0,1,6.73,52,2.00869,4.08,1,4.08,2.85,0,2.85,0,7,0,0,0,348,0,0,0,0
"691","Spain",122,1993,1,0,0,0,0,0,1,6.73,52,2.00869,3.5,5.36,3.53,2.67,0,2.67,0,7,0,0,0,350,0,0,0,0
"692","Spain",122,1996,1,0,0,0,0,1,1,6.73,52,2.00869,3.27,1.05,3.27,2.72,0,2.72,0,7,0,0,0,350,0,0,0,0
"693","Spain",122,2000,1,0,0,0,0,0,1,6.73,52,2.00869,2.99,2.8,3.12,2.48,0,2.48,0,7,0,0,0,350,0,0,0,0
"694","Sri Lanka",96,1952,1,0,0,0,0,0,1,1,89,1.74969,3.84,14,4.155,2.77,12.6,2.89,0,1,1,0,0,89,0,0,0,0
"695","Sri Lanka",96,1956,1,0,0,0,0,0,1,1,89,1.74969,3.79,12,4.005,2.97,8.4,3.04,0,1,0,0,0,89,0,0,0,0
"696","Sri Lanka",96,1960,1,0,0,0,0,0,1,1,145,1.74969,5.95,9.1,6.255,4.45,4.6,4.49,0,1,0,0,0,145,0,0,1,1
"697","Sri Lanka",96,1960,1,0,0,0,0,0,1,1,145,1.74969,3.69,6,3.74,3.26,4,3.27,0,1,0,0,0,145,0,0,1,0
"698","Sri Lanka",96,1965,1,0,0,0,0,0,1,1,145,1.74969,3.83,6.4,3.885,3.55,4,3.57,0,1,0,0,0,145,0,0,0,0
"699","Sri Lanka",96,1970,1,0,0,0,0,0,1,1,145,1.74969,3.4,5,3.425,2.49,1.3,2.49,0,1,0,0,0,145,0,0,0,0
"700","Sri Lanka",96,1977,1,0,1,0,0,0,1,1,168,1.74969,2.8,5.7,2.83,1.41,0.6,1.41,0,1,0,0,0,168,0,0,0,0
"701","Sri Lanka",96,1989,1,0,0,0,1,0,1,8.91,22,1.74969,2.74,4.1,2.76,2.48,5.8,2.5,2.18,9,1,0.67,0,225,29,12.89,0,0
"702","Sri Lanka",96,1994,1,1,0,0,0,1,1,8.91,22,1.74969,2.31,1.4,2.31,2.52,4.4,2.53,1.93,9,0,1,1,225,29,12.89,0,0
"703","Sri Lanka",96,2000,1,0,0,0,0,0,1,8.91,22,1.74969,2.7,3.1,2.705,2.59,0.4,2.59,2.25,9,0,0.67,0,225,29,12.89,0,0
"704","St. Kitts and Nevis",179,1984,1,0,0,0,1,0,1,1,11,NA,2.45,0,2.45,2.46,0,2.46,0,1,1,0,0,11,0,0,0,0
"705","St. Kitts and Nevis",179,1989,1,0,0,0,0,0,1,1,11,NA,2.77,0,2.77,2.68,0,2.68,0,1,0,0,0,11,0,0,0,0
"706","St. Kitts and Nevis",179,1993,1,0,0,0,0,0,1,1,11,NA,3.08,0,3.08,3.27,0,3.27,0,1,0,0,0,11,0,0,0,0
"707","St. Kitts and Nevis",179,1995,1,0,0,0,0,1,1,1,11,NA,2.65,0.1,2.65,2.2,0,2.2,0,1,0,0,0,11,0,0,0,0
"708","St. Kitts and Nevis",179,2000,1,0,0,0,0,0,1,1,11,NA,2.55,0,2.55,1.75,0,1.75,0,1,0,0,0,11,0,0,0,0
"709","St. Lucia",174,1979,1,0,0,0,0,0,1,1,17,NA,1.97,0,1.97,1.71,0,1.71,0,1,1,0,0,17,0,0,0,0
"710","St. Lucia",174,1982,1,0,0,0,1,0,1,1,17,NA,2.4,0,2.4,1.44,0,1.44,0,1,0,0,0,17,0,0,0,0
"711","St. Lucia",174,1987,1,0,0,0,0,0,1,1,17,NA,2.32,0,2.32,1.99,0,1.99,0,1,0,0,0,17,0,0,1,1
"712","St. Lucia",174,1987,1,0,0,0,0,0,1,1,17,NA,2.21,0,2.21,1.99,0,1.99,0,1,0,0,0,17,0,0,1,0
"713","St. Lucia",174,1992,1,0,0,0,0,0,1,1,17,NA,1.97,0,1.97,1.84,0,1.84,0,1,0,0,0,17,0,0,0,0
"714","St. Lucia",174,1997,1,0,0,0,0,1,1,1,17,NA,1.95,2,1.95,1.12,0,1.12,0,1,0,0,0,17,0,0,0,0
"715","St. Vincent",180,1979,1,0,0,0,0,0,1,1,13,NA,2.57,0.3,2.57,1.35,0,1.35,0,1,1,0,0,13,0,0,0,0
"716","St. Vincent",180,1984,1,0,0,0,1,0,1,1,13,NA,2.28,0,2.28,1.74,0,1.74,0,1,0,0,0,13,0,0,0,0
"717","St. Vincent",180,1989,1,0,0,0,0,0,1,1,15,NA,1.88,0,1.88,1,0,1,0,1,0,0,0,15,0,0,0,0
"718","St. Vincent",180,1994,1,0,0,0,0,1,1,1,15,NA,2.48,0,2.48,1.51,0,1.51,0,1,0,0,0,15,0,0,0,0
"719","St. Vincent",180,1998,1,0,0,0,0,0,1,1,15,NA,1.99,0,1.99,1.99,0,1.99,0,1,0,0,0,15,0,0,0,0
"NA.38",NA,NA,NA,NA,NA,NA,NA,NA,NA,NA,NA,NA,NA,NA,NA,NA,NA,NA,NA,NA,NA,NA,NA,NA,NA,NA,NA,NA,NA
"NA.39",NA,NA,NA,NA,NA,NA,NA,NA,NA,NA,NA,NA,NA,NA,NA,NA,NA,NA,NA,NA,NA,NA,NA,NA,NA,NA,NA,NA,NA
"722","Suriname",75,1977,1,0,0,0,0,0,1,2.7,10,NA,2.46,0,2.46,1.97,0,1.97,0,NA,1,0,0,39,12,44.44,0,0
"723","Suriname",75,1991,1,0,0,0,0,0,1,5.1,10,NA,2.69,0,2.69,2.31,0,2.31,0,NA,1,0,0,51,0,0,0,0
"724","Suriname",75,1996,1,0,0,0,0,1,1,5.1,10,NA,3.62,0,3.62,2.98,0,2.98,0,5,0,0,0,51,0,0,0,0
"725","Suriname",75,2000,1,0,0,0,0,0,1,5.1,10,NA,3.77,0,3.77,2.28,0,2.28,0,5,0,0,0,51,0,0,0,0
"726","Sweden",123,1948,1,0,0,0,0,0,1,8.21,28,1.23376,3.35,0.1,3.35,3.06,0,3.06,0,NA,0,0,0,230,0,0,0,0
"727","Sweden",123,1952,1,0,0,0,0,0,1,8.21,28,1.23376,3.28,0.1,3.28,3.09,0,3.09,0,NA,0,0,0,230,0,0,0,0
"728","Sweden",123,1956,1,0,0,0,0,0,1,8.25,28,1.23376,3.37,0.1,3.37,3.18,0,3.18,0,NA,0,0,0,231,0,0,0,0
"729","Sweden",123,1958,1,0,0,0,0,0,1,8.25,28,1.23376,3.31,0,3.31,3.16,0,3.16,0,NA,0,0,0,231,0,0,0,0
"730","Sweden",123,1960,1,0,0,0,0,0,1,8.29,28,1.23376,3.26,0.1,3.26,3.12,0,3.12,0,NA,0,0,0,232,0,0,0,0
"731","Sweden",123,1964,1,0,0,0,0,0,1,8.32,28,1.23376,3.42,0,3.42,3.25,0,3.25,0,NA,0,0,0,233,0,0,0,0
"732","Sweden",123,1968,1,0,0,0,0,0,1,8.32,28,1.23376,3.18,0,3.18,2.88,0,2.88,0,NA,0,0,0,233,0,0,0,0
"733","Sweden",123,1970,1,0,0,0,0,0,1,11.07,28,1.23376,3.49,0.5,3.49,3.31,0,3.31,0,NA,0,0,0,350,40,11.4,0,0
"734","Sweden",123,1973,1,0,0,0,0,0,1,11.07,28,1.23376,3.54,0,3.54,3.35,0,3.35,0,12,0,0,0,350,40,11.4,0,0
"735","Sweden",123,1976,1,0,0,0,0,0,1,11.07,28,1.23376,3.58,0.4,3.58,3.44,0,3.44,0,12,0,0,0,349,39,11.2,0,0
"736","Sweden",123,1979,1,0,0,0,0,0,1,11.07,28,1.23376,3.63,0.8,3.63,3.49,0,3.49,0,12,0,0,0,349,39,11.2,0,0
"737","Sweden",123,1982,1,0,0,0,0,0,1,11.07,28,1.23376,3.39,0.3,3.39,3.13,0,3.13,0,12,0,0,0,349,39,11.2,0,0
"738","Sweden",123,1985,1,0,0,0,1,0,1,11.07,28,1.23376,3.34,0.5,3.34,3.39,0,3.39,0,12,0,0,0,349,39,11.2,0,0
"739","Sweden",123,1988,1,0,0,0,0,0,1,11.07,28,1.23376,3.91,0.7,3.91,3.67,0,3.67,0,12,0,0,0,349,39,11.2,0,0
"740","Sweden",123,1991,1,0,0,0,0,0,1,11.07,28,1.23376,4.58,1,4.58,4.2,0,4.2,0,12,0,0,0,349,39,11.2,0,0
"741","Sweden",123,1994,1,0,0,0,0,1,1,10.69,29,1.23376,3.65,1,3.65,3.51,0,3.51,0,12,0,0,0,349,39,11.2,0,0
"742","Sweden",123,1998,1,0,0,0,0,0,1,10.69,29,1.23376,4.54,0.7,4.54,4.29,0,4.29,0,11,0,0,0,349,39,11.2,0,0
"743","Switzerland",124,1947,1,0,0,0,0,0,1,7.76,25,2.35385,5.34,0.5,5.34,5,0,5,0,12,0,0,0,194,0,0,0,0
"744","Switzerland",124,1951,1,0,0,0,0,0,1,7.84,25,2.35385,5.09,0.5,5.09,4.8,0,4.8,0,13,0,0,0,196,0,0,0,0
"745","Switzerland",124,1957,1,0,0,0,0,0,1,7.84,25,2.35385,4.96,0.6,4.96,4.71,0,4.71,0,13,0,0,0,196,0,0,0,0
"746","Switzerland",124,1959,1,0,0,0,0,0,1,7.84,25,2.35385,5.04,0,5.04,4.75,0,4.75,0,13,0,0,0,196,0,0,0,0
"747","Switzerland",124,1963,1,0,0,0,0,0,1,8,25,2.35385,5,1.8,5.005,4.78,0,4.78,0,13,0,0,0,200,0,0,0,0
"748","Switzerland",124,1967,1,0,0,0,0,0,1,8,25,2.35385,5.54,2.1,5.55,5.13,0,5.13,0,13,0,0,0,200,0,0,0,0
"749","Switzerland",124,1971,1,0,0,0,0,0,1,8,25,2.35385,6.16,1.5,6.17,5.49,0,5.49,0,12,0,0,0,200,0,0,0,0
"750","Switzerland",124,1975,1,0,0,0,0,0,1,8,25,2.35385,5.78,2,5.795,5,0,5,0,12,0,0,0,200,0,0,0,0
"751","Switzerland",124,1979,1,0,0,0,0,0,1,7.7,26,2.35385,5.5,2.3,5.52,5.1,0.5,5.1,0,12,0,0,0,200,0,0,0,0
"752","Switzerland",124,1983,1,0,0,0,1,0,1,7.7,26,2.35385,5.99,3.4,6.03,5.26,0,5.26,0,12,0,0,0,200,0,0,0,0
"753","Switzerland",124,1987,1,0,0,0,0,0,1,7.7,26,2.35385,6.8,2.6,6.83,5.76,0.5,5.76,0,12,0,0,0,200,0,0,0,0
"754","Switzerland",124,1991,1,0,0,0,0,0,1,7.7,26,2.35385,7.34,2.4,7.37,6.7,0.5,6.7,0,12,0,0,0,200,0,0,0,0
"755","Switzerland",124,1995,1,0,0,0,0,1,1,7.7,26,2.35385,6.82,2.7,6.86,5.6,0,5.6,0,12,0,0,0,200,0,0,0,0
"756","Switzerland",124,1999,1,0,0,0,0,0,1,7.7,26,2.35385,5.86,2.9,5.88,5.16,0,5.16,0,12,0,0,0,200,0,0,0,0
"758","Thailand",99,1975,1,0,0,0,0,0,1,NA,NA,1.75863,10.3,2.2,10.35,7.56,0,7.56,0,NA,1,0,0,269,0,0,0,0
"759","Thailand",99,1976,1,0,1,0,0,0,1,NA,NA,1.75863,6.95,1.7,6.95,4.07,0,4.07,0,NA,0,0,0,269,0,0,0,0
"760","Thailand",99,1983,1,0,0,0,0,0,1,2.4,134,1.75863,5.72,7.9,5.905,5.45,7.4,5.62,0,2,1,0,0,324,0,0,0,0
"761","Thailand",99,1986,1,0,0,0,1,0,1,2.51,138,1.75863,7.97,0,7.97,6.18,0,6.18,0,3,0,0,0,347,0,0,0,0
"762","Thailand",99,1988,1,0,0,0,0,0,1,2.51,142,1.75863,9.75,0,9.75,7.74,0,7.74,0,3,0,0,0,357,0,0,0,0
"763","Thailand",99,1992,1,0,0,0,0,0,1,2.54,142,1.75863,6.7,0.6,6.7,6.01,0,6.01,0,3,1,0,0,360,0,0,1,1
"764","Thailand",99,1992,1,0,0,0,0,0,1,2.54,142,1.75863,6.6,0.6,6.6,6.11,0,6.11,0,3,0,0,0,360,0,0,1,0
"765","Thailand",99,1995,1,0,0,0,0,1,1,2.52,155,1.75863,6.81,0,6.81,6.43,0,6.43,0,3,0,0,0,391,0,0,0,0
"766","Thailand",99,1996,1,0,0,0,0,0,1,2.52,156,1.75863,4.61,0,4.61,4.32,0,4.32,0,3,0,0,0,393,0,0,0,0
"767","Trinidad and Tobago",64,1966,1,0,0,0,0,0,1,1,36,2.83221,2.51,0.5,2.51,1.8,0,1.8,0,1,1,0,0,36,0,0,0,0
"768","Trinidad and Tobago",64,1971,1,0,0,0,0,0,1,1,36,2.83221,1.38,0.8,1.38,1,0,1,0,1,0,0,0,36,0,0,0,0
"769","Trinidad and Tobago",64,1976,1,0,0,0,0,0,1,1,36,2.83221,2.65,0.5,2.65,1.91,0,1.91,0,1,0,0,0,36,0,0,0,0
"770","Trinidad and Tobago",64,1981,1,0,0,0,0,0,1,1,36,2.83221,2.82,0,2.82,1.74,0,1.74,0,1,0,0,0,36,0,0,0,0
"771","Trinidad and Tobago",64,1986,1,0,0,0,1,0,1,1,36,2.83221,1.84,0,1.84,1.18,0,1.18,0,1,0,0,0,36,0,0,0,0
"772","Trinidad and Tobago",64,1991,1,0,0,0,0,0,1,1,36,2.83221,2.88,0.3,2.88,2.11,0,2.11,0,1,0,0,0,36,0,0,0,0
"773","Trinidad and Tobago",64,1995,1,0,0,0,0,1,1,1,36,2.83221,2.22,0,2.22,2.23,0,2.23,0,1,0,0,0,36,0,0,0,0
"774","Trinidad and Tobago",64,2000,1,0,0,0,0,0,1,1,36,2.83221,2.15,0,2.15,2,0,2,0,1,0,0,0,36,0,0,0,0
"775","Turkey",125,1961,1,0,0,0,0,0,1,6.72,67,1.42552,3.4,0.8,3.4,3.27,0,3.27,0,NA,1,0,0,450,0,0,0,0
"776","Turkey",125,1965,1,0,0,0,0,0,1,6.72,67,1.42552,2.7,3.2,2.71,2.62,0.2,2.62,0,NA,0,0,0,450,NA,NA,0,0
"777","Turkey",125,1969,1,0,0,0,0,0,1,6.72,67,1.42552,3.3,5.6,3.33,2.34,2.9,2.34,0,NA,0,0,0,450,0,0,0,0
"778","Turkey",125,1973,1,0,0,0,0,0,1,6.72,67,1.42552,4.3,2.8,4.31,3.32,1.3,3.32,0,NA,0,0,0,450,0,0,0,0
"779","Turkey",125,1977,1,0,0,0,0,0,1,6.72,67,1.42552,3.12,2.5,3.13,2.47,0.9,2.47,0,NA,0,0,0,450,0,0,0,0
"780","Turkey",125,1983,1,0,0,0,0,0,1,5.42,83,1.42552,2.85,1.1,2.85,2.52,0,2.52,0,NA,1,0,0,450,0,0,0,0
"781","Turkey",125,1987,1,0,0,0,1,0,1,4.33,104,1.42552,4.12,0.4,4.12,2.05,0,2.05,0,NA,0,0,0,450,0,0,0,0
"782","Turkey",125,1991,1,0,0,0,0,0,1,4.21,107,1.42552,4.68,0.1,4.68,3.57,0,3.57,0,NA,0,0,0,450,0,0,0,0
"783","Turkey",125,1995,1,0,0,0,0,1,1,6.63,83,1.42552,6.14,1.2,6.14,4.41,0,4.41,0,NA,0,0,0,550,0,0,0,0
"784","Turkey",125,1999,1,0,0,0,0,0,1,6.55,84,1.42552,6.76,2.9,6.78,4.87,0.5,4.87,0,9,0,0,0,550,0,0,0,0
"785","Uganda",45,1980,1,0,0,0,1,0,1,1,126,14.2243,2.24,0,2.24,1.95,0,1.95,0,1,1,0,0,126,0,0,0,0
"788","United Kingdom",126,1950,1,0,0,0,0,0,1,1,625,1.48036,2.44,2.2,2.44,2.08,0.2,2.08,0,1,0,0,0,625,0,0,0,0
"789","United Kingdom",126,1951,1,0,0,0,0,0,1,1,625,1.48036,2.13,0.1,2.13,2.05,0,2.05,0,1,0,0,0,625,0,0,0,0
"790","United Kingdom",126,1955,1,0,0,0,0,0,1,1,630,1.48036,2.16,0.2,2.16,2.02,0,2.02,0,1,0,0,0,630,0,0,0,0
"791","United Kingdom",126,1959,1,0,0,0,0,0,1,1,630,1.48036,2.28,0.2,2.28,1.99,0.2,1.99,0,1,0,0,0,630,0,0,0,0
"792","United Kingdom",126,1964,1,0,0,0,0,0,1,1,630,1.48036,2.52,0.2,2.52,2.06,0,2.06,0,1,0,0,0,630,0,0,0,0
"793","United Kingdom",126,1966,1,0,0,0,0,0,1,1,630,1.48036,2.42,0.2,2.42,2.02,0,2.02,0,1,0,0,0,630,0,0,0,0
"794","United Kingdom",126,1970,1,0,0,0,0,0,1,1,630,1.48036,2.46,0.6,2.46,2.07,0.3,2.07,0,1,0,0,0,630,0,0,0,0
"795","United Kingdom",126,1974,1,0,0,0,0,0,1,1,635,1.48036,3.13,0.4,3.13,2.25,0.2,2.25,0,1,0,0,0,635,0,0,1,1
"796","United Kingdom",126,1974,1,0,0,0,0,0,1,1,635,1.48036,3.15,0.4,3.15,2.26,0.2,2.26,0,1,0,0,0,635,0,0,1,0
"797","United Kingdom",126,1979,1,0,0,0,0,0,1,1,635,1.48036,2.87,0.4,2.87,2.15,0,2.15,0,1,0,0,0,635,0,0,0,0
"798","United Kingdom",126,1983,1,0,0,0,1,0,1,1,650,1.48036,2.83,0.4,2.83,2.09,0,2.09,0,1,0,0,0,650,0,0,0,0
"799","United Kingdom",126,1987,1,0,0,0,0,0,1,1,650,1.48036,2.85,0.1,2.85,2.17,0,2.17,0,1,0,0,0,650,0,0,0,0
"800","United Kingdom",126,1992,1,0,0,0,0,0,1,1,651,1.48036,3.03,0.4,3.03,2.27,0,2.27,0,1,0,0,0,651,0,0,0,0
"801","United Kingdom",126,1997,1,0,0,0,0,1,1,1,659,1.48036,3.21,4.6,3.23,2.12,0.2,2.12,0,1,0,0,0,659,0,0,0,0
"802","United States",65,1946,1,0,0,0,0,0,1,1,432,1.96447,2.05,1.5,2.05,1.98,0.2,1.98,2.02,1,0,0,0,432,0,0,0,0
"803","United States",65,1948,1,1,0,0,0,0,1,1,433,1.96447,2.07,1.9,2.07,1.92,0.2,1.92,2.22,1,0,1,1,433,0,0,0,0
"804","United States",65,1950,1,0,0,0,0,0,1,1,434,1.96447,2.06,1.4,2.06,2,0.2,2,2.22,1,0,0,0,434,0,0,0,0
"805","United States",65,1952,1,1,0,0,0,0,1,1,433,1.96447,2.04,0.9,2.04,2.01,0.2,2.01,1.997,1,0,1,1,433,0,0,0,0
"806","United States",65,1954,1,0,0,0,0,0,1,1,432,1.96447,2.01,0.5,2.01,1.99,0,1.99,1.997,1,0,0,0,432,0,0,0,0
"807","United States",65,1956,1,1,0,0,0,0,1,1,435,1.96447,2.01,0.2,2.01,1.99,0,1.99,1.98,1,0,1,1,435,0,0,0,0
"808","United States",65,1958,1,0,0,0,0,0,1,1,433,1.96447,1.98,0.4,1.98,1.82,0,1.82,1.98,1,0,0,0,433,0,0,0,0
"809","United States",65,1960,1,1,0,0,0,0,1,1,436,1.96447,2.01,0.6,2.01,1.91,0,1.91,2.03,1,0,1,1,436,0,0,0,0
"810","United States",65,1962,1,0,0,0,0,0,1,1,437,1.96447,2.01,0.4,2.01,1.93,0,1.93,2.03,1,0,0,0,437,0,0,0,0
"811","United States",65,1964,1,1,0,0,0,0,1,1,435,1.96447,1.97,0.4,1.97,1.78,0,1.78,1.92,1,0,1,1,435,0,0,0,0
"812","United States",65,1966,1,0,0,0,0,0,1,1,435,1.96447,2.03,0.9,2.03,1.96,0,1.96,1.92,1,0,0,0,435,0,0,0,0
"813","United States",65,1968,1,1,0,0,0,0,1,1,434,1.96447,2.05,1.1,2.05,1.97,0,1.97,2.57,1,0,1,1,434,0,0,0,0
"814","United States",65,1970,1,0,0,0,0,0,1,1,435,1.96447,2.03,1.4,2.035,1.94,0,1.94,2.57,1,0,0,0,435,0,0,0,0
"815","United States",65,1972,1,1,0,0,0,0,1,1,434,1.96447,2.04,1.2,2.04,1.97,0,1.97,1.96,1,0,1,1,434,0,0,0,0
"816","United States",65,1974,1,0,0,0,0,0,1,1,431,1.96447,2,1.8,2,1.79,0,1.79,1.96,1,0,0,0,431,0,0,0,0
"817","United States",65,1976,1,1,0,0,0,0,1,1,435,1.96447,2.02,1.6,2.02,1.79,0,1.79,2.08,1,0,1,1,435,0,0,0,0
"818","United States",65,1978,1,0,0,0,0,0,1,1,435,1.96447,2.03,1.4,2.03,1.86,0,1.86,2.08,1,0,0,0,435,0,0,0,0
"819","United States",65,1980,1,1,0,0,0,0,1,1,433,1.96447,2.06,1.4,2.06,1.97,0,1.97,2.33,1,0,1,1,433,0,0,0,0
"820","United States",65,1982,1,0,0,0,0,0,1,1,435,1.96447,2.02,1.4,2.02,1.89,0,1.89,2.33,1,0,0,0,435,0,0,0,0
"821","United States",65,1984,1,1,0,0,1,0,1,1,434,1.96447,2.03,0.9,2.03,1.95,0,1.95,1.96,1,0,1,1,434,0,0,0,0
"822","United States",65,1986,1,0,0,0,0,0,1,1,435,1.96447,2.01,0.8,2.01,1.93,0,1.93,1.96,1,0,0,0,435,0,0,0,0
"823","United States",65,1988,1,1,0,0,0,0,1,1,435,1.96447,2.03,1.1,2.03,1.93,0,1.93,1.99,1,0,1,1,435,0,0,0,0
"824","United States",65,1990,1,0,0,0,0,0,1,1,435,1.96447,2.07,2.1,2.07,1.91,0.2,1.91,1.99,1,0,0,0,435,0,0,0,0
"825","United States",65,1992,1,1,0,0,0,0,1,1,434,1.96447,2.14,3.6,2.145,1.93,0.2,1.93,2.74,1,0,1,1,434,0,0,0,0
"826","United States",65,1994,1,0,0,0,0,0,1,1,434,1.96447,2.08,2.2,2.08,1.99,0.2,1.99,2.74,1,0,0,0,434,0,0,0,0
"827","United States",65,1996,1,1,0,0,0,1,1,1,434,1.96447,2.11,2.6,2.11,1.99,0,1.99,2.41,1,0,1,1,434,0,0,0,0
"828","United States",65,1998,1,0,0,0,0,0,1,1,434,1.96447,2.15,3.8,2.155,1.99,0,1.99,2.41,1,0,0,0,434,0,0,0,0
"829","United States",65,2000,1,1,0,0,0,0,1,1,435,1.96447,2.18,1.6,2.18,2.02,0.5,2.02,2.15,1,0,1,1,435,0,0,0,0
"840","Vanuatu",134,1983,1,0,0,0,0,0,1,2.79,14,NA,2.56,4.6,2.565,2.1,0,2.1,0,NA,1,0,0,39,0,0,0,0
"841","Vanuatu",134,1987,1,0,0,0,1,0,1,3.07,15,NA,2.59,4.1,2.6,2.14,2.2,2.15,0,5,0,0,0,46,0,0,0,0
"842","Vanuatu",134,1991,1,0,0,0,0,0,1,3.07,15,NA,4.68,0.7,4.68,3.65,0,3.65,0,5,0,0,0,46,0,0,0,0
"843","Vanuatu",134,1995,1,0,0,0,0,1,1,3.33,15,NA,4.26,6.6,4.335,3.22,4,3.24,0,6,0,0,0,50,0,0,0,0
"845","Venezuela",77,1947,1,1,0,0,0,0,1,4.78,23,1.93526,1.87,0.2,1.87,1.68,0,1.68,1.66,NA,0,1,1,110,0,0,0,0
"846","Venezuela",77,1963,1,1,0,0,0,0,1,7.26,23,1.93526,4.77,1.21,4.77,4.32,0,4.32,4.56,9,1,1,1,179,12,6.7,0,0
"847","Venezuela",77,1968,1,1,0,0,0,0,1,8.52,23,1.93526,5.99,4.16,6.045,4.89,0,4.89,3.98,NA,0,1,1,214,18,8.41,0,0
"848","Venezuela",77,1973,1,1,0,0,0,0,1,7.96,23,1.93526,3.35,2.68,3.36,2.72,0,2.72,2.65,NA,0,1,1,200,17,8.5,0,0
"849","Venezuela",77,1978,1,1,0,0,0,0,1,7.96,23,1.93526,3.1,2.26,3.11,2.65,0,2.65,2.45,9,0,1,1,199,16,8.04,0,0
"850","Venezuela",77,1983,1,1,0,0,1,0,1,7.91,23,1.93526,2.96,3.05,2.97,2.42,0,2.42,2.25,11,0,1,1,200,18,9,0,0
"851","Venezuela",77,1988,1,1,0,0,0,0,1,7.91,23,1.93526,3.36,3.42,3.38,2.83,0,2.83,2.25,NA,0,1,1,201,19,9.45,0,0
"852","Venezuela",77,1993,1,1,0,0,0,1,1,1,102,1.93526,5.54,5.61,5.635,4.74,0,4.74,4.03,1,0,1,1,203,101,49.75,0,0
"853","Venezuela",77,1998,1,1,0,0,0,0,1,1.22,72,1.93526,7.01,8.3,7.36,6.05,0.9,6.05,2.1,1,0,1,1,207,119,57.49,0,0
"854","Venezuela",77,2000,1,1,0,0,0,0,1,6.88,24,1.93526,4.17,6.66,4.24,3.44,0,3.44,3.38,NA,0,1,1,165,0,0,0,0
"855","West Germany",108,1949,1,0,0,0,0,0,1,1,242,NA,5.6,5.9,5.705,4.65,0.7,4.65,0,1,1,0,0,402,160,40,0,0
"856","West Germany",108,1953,1,0,0,0,0,0,1,1,242,NA,4.2,0.3,4.2,3.64,0,3.64,0,1,0,0,0,487,245,50,0,0
"857","West Germany",108,1957,1,0,0,0,0,0,1,1,247,NA,3.58,0.4,3.58,3.07,0,3.07,0,1,0,0,0,497,250,50,0,0
"858","West Germany",108,1961,1,0,0,0,0,0,1,1,247,NA,3.5,0.1,3.5,3.11,0,3.11,0,1,0,0,0,499,252,50,0,0
"859","West Germany",108,1965,1,0,0,0,0,0,1,1,248,NA,3.15,0.3,3.15,2.93,0,2.93,0,1,0,0,0,496,248,50,0,0
"860","West Germany",108,1969,1,0,0,0,0,0,1,1,248,NA,3.02,0.4,3.02,2.71,0,2.71,0,1,0,0,0,496,248,50,0,0
"861","West Germany",108,1972,1,0,0,0,0,0,1,1,248,NA,2.86,0.1,2.86,2.79,0,2.79,0,1,0,0,0,496,248,50,0,0
"862","West Germany",108,1976,1,0,0,0,0,0,1,1,248,NA,2.91,0.2,2.91,2.86,0,2.86,0,1,0,0,0,496,248,50,0,0
"863","West Germany",108,1980,1,0,0,0,0,0,1,1,248,NA,3.1,0.1,3.1,2.96,0,2.96,0,1,0,0,0,497,249,50,0,0
"864","West Germany",108,1983,1,0,0,0,1,0,1,1,248,NA,3.21,0.1,3.21,3.16,0,3.16,0,1,0,0,0,498,250,50,0,0
"865","West Germany",108,1987,1,0,0,0,0,0,1,1,248,NA,3.56,0.8,3.56,3.47,0,3.47,0,1,0,0,0,497,249,50,0,0
